time,force,tip,base
0.0,0.0,2e-09,2e-09
0.0005,-5.173569257851688e-11,9.748555064809997e-10,1.0000000000003413e-09
0.001,-1.1523879263849211e-09,-6.769261782511128e-10,1.1386121252497614e-21
0.0015,-1.15602237069223e-09,-1.5726701403436111e-09,-9.99999999998064e-10
0.002,-1.1245486637342234e-09,-2.5624099769713005e-09,-1.999999999997723e-09
0.0025,-1.0979170399141338e-09,-3.548889845733916e-09,-3.0000000000063014e-09
0.003,-1.071805385705465e-09,-4.53581938277898e-09,-4.000000000009199e-09
0.0035,-1.0458047762900063e-09,-5.5228186245613955e-09,-4.999999999997098e-09
0.004,-1.0196703053720186e-09,-6.5097513874606825e-09,-5.999999999984997e-09
0.0045000000000000005,-9.932623304709391e-10,-7.496547413682738e-09,-6.9999999999728964e-09
0.005,-9.664991718874044e-10,-8.483165851101862e-09,-7.999999999960795e-09
0.0055000000000000005,-9.393316269123355e-10,-9.469582096768128e-09,-8.999999999948694e-09
0.006,-9.117297861436606e-10,-1.0455781195408495e-08,-9.999999999936594e-09
0.006500000000000001,-8.836757425511187e-10,-1.1441754193141765e-08,-1.0999999999924493e-08
0.007,-8.551593162895989e-10,-1.2427495999804385e-08,-1.1999999999912392e-08
0.007500000000000001,-8.261754298824817e-10,-1.341300407649713e-08,-1.299999999990029e-08
0.008,-7.967224363382507e-10,-1.4398277599614617e-08,-1.399999999988819e-08
0.0085,-7.668010220904278e-10,-1.538331691229891e-08,-1.499999999987609e-08
0.009000000000000001,-7.364134694570415e-10,-1.6368123155657747e-08,-1.599999999986399e-08
0.0095,-7.055631508797409e-10,-1.7352698015877156e-08,-1.699999999985189e-08
0.01,-6.742541764796305e-10,-1.8337043547994624e-08,-1.7999999999839787e-08
0.0105,-6.424911452762996e-10,-1.9321162051504867e-08,-1.8999999999827686e-08
0.011000000000000001,-6.102789678263638e-10,-2.0305055981677036e-08,-1.9999999999815585e-08
0.0115,-5.776227388706903e-10,-2.1288727885876848e-08,-2.0999999999803484e-08
0.012,-5.445276454888456e-10,-2.2272180357642027e-08,-2.1999999999791384e-08
0.0125,-5.109989007628384e-10,-2.3255416003514498e-08,-2.2999999999779283e-08
0.013000000000000001,-4.770416959603995e-10,-2.4238437419129953e-08,-2.399999999976718e-08
0.0135,-4.426611662697546e-10,-2.522124717208549e-08,-2.499999999975508e-08
0.014,-4.0786236652489284e-10,-2.6203847789802122e-08,-2.599999999974298e-08
0.0145,-3.726502543340174e-10,-2.7186241751088966e-08,-2.699999999973088e-08
0.015000000000000001,-3.3702967871750376e-10,-2.816843148046052e-08,-2.7999999999718778e-08
0.0155,-3.010053728486351e-10,-2.91504193445085e-08,-2.8999999999706677e-08
0.016,-2.645819498601673e-10,-3.0132207649804586e-08,-2.9999999999694576e-08
0.0165,-2.2776390093288421e-10,-3.111379864194433e-08,-3.0999999999682475e-08
0.017,-1.9055559507680696e-10,-3.2095194505438125e-08,-3.1999999999670374e-08
0.0175,-1.5296128016167718e-10,-3.307639736422565e-08,-3.299999999965827e-08
0.018000000000000002,-1.1498508485606102e-10,-3.4057409282646053e-08,-3.399999999964617e-08
0.0185,-7.663102121847837e-11,-3.5038232266733925e-08,-3.499999999963407e-08
0.019,-3.7902987747686376e-11,-3.6018868265742834e-08,-3.599999999962197e-08
0.0195,1.1952272652881677e-12,-3.6999319173823104e-08,-3.699999999960987e-08
0.02,4.065994218932693e-11,-3.797958683179492e-08,-3.799999999959777e-08
0.0205,8.04875784006994e-11,-3.895967302897406e-08,-3.899999999958567e-08
0.021,1.2067465659262265e-10,-3.9939579505018454e-08,-3.9999999999573566e-08
0.021500000000000002,1.6121779309078855e-10,-4.091930795176865e-08,-4.0999999999561465e-08
0.022000000000000002,2.021136962200077e-10,-4.189886001506657e-08,-4.1999999999549364e-08
0.0225,2.433591627396088e-10,-4.2878237296536184e-08,-4.299999999953726e-08
0.023,2.849510743726841e-10,-4.3857441355318184e-08,-4.399999999952516e-08
0.0235,3.268863944481854e-10,-4.483647370975312e-08,-4.499999999951306e-08
0.024,3.691621646456586e-10,-4.5815335839003546e-08,-4.599999999950096e-08
0.0245,4.11775501873774e-10,-4.67940291846189e-08,-4.699999999948886e-08
0.025,4.547235952631529e-10,-4.777255515203619e-08,-4.799999999947676e-08
0.025500000000000002,4.980037032904272e-10,-4.87509151120201e-08,-4.899999999946466e-08
0.026000000000000002,5.416131510225937e-10,-4.972911040204038e-08,-4.9999999999452556e-08
0.0265,5.855493274819454e-10,-5.070714232758795e-08,-5.0999999999440455e-08
0.027,6.298096831341259e-10,-5.168501216343274e-08,-5.1999999999428354e-08
0.0275,6.743917274878083e-10,-5.26627211548226e-08,-5.2999999999416253e-08
0.028,7.192930268088209e-10,-5.364027051862738e-08,-5.399999999940415e-08
0.0285,7.645112019389437e-10,-5.461766144442825e-08,-5.499999999939205e-08
0.029,8.100439262202209e-10,-5.55948950955563e-08,-5.599999999937995e-08
0.029500000000000002,8.558889235169292e-10,-5.6571972610081465e-08,-5.699999999936785e-08
0.030000000000000002,9.020439663319145e-10,-5.75488951017542e-08,-5.799999999935575e-08
0.0305,9.485068740139317e-10,-5.8525663660902505e-08,-5.899999999934365e-08
0.031,9.95275511152692e-10,-5.9502279355363824e-08,-5.999999999946235e-08
0.0315,1.0423477855893236e-09,-6.047874323128905e-08,-6.099999999978112e-08
0.032,1.0897216472949475e-09,-6.145505631349336e-08,-6.20000000000999e-08
0.0325,1.1373950867493087e-09,-6.243121960674078e-08,-6.300000000041867e-08
0.033,1.1853661334707272e-09,-6.340723409626964e-08,-6.400000000073744e-08
0.0335,1.233632854726952e-09,-6.438310074845163e-08,-6.500000000105621e-08
0.034,1.2821933542403244e-09,-6.535882051142542e-08,-6.600000000137498e-08
0.0345,1.3310457709808845e-09,-6.633439431570819e-08,-6.700000000169375e-08
0.035,1.3801882779989409e-09,-6.730982307477516e-08,-6.800000000201252e-08
0.035500000000000004,1.4296190813185992e-09,-6.828510768561436e-08,-6.90000000023313e-08
0.036000000000000004,1.4793364188898603e-09,-6.926024902925786e-08,-7.000000000265007e-08
0.0365,1.5293385595524585e-09,-7.023524797128118e-08,-7.100000000296884e-08
0.037,1.579623802097803e-09,-7.12101053622918e-08,-7.200000000328761e-08
0.0375,1.6301904743333016e-09,-7.218482203838721e-08,-7.300000000360638e-08
0.038,1.6810369322033463e-09,-7.31593988215964e-08,-7.400000000392515e-08
0.0385,1.7321615589460334e-09,-7.413383652030132e-08,-7.500000000424392e-08
0.039,1.7835627642872156e-09,-7.510813592964044e-08,-7.60000000045627e-08
0.0395,1.835238983667013e-09,-7.608229783189452e-08,-7.700000000488147e-08
0.04,1.887188677501256e-09,-7.705632299685667e-08,-7.800000000520024e-08
0.0405,1.9394103304733736e-09,-7.803021218218654e-08,-7.900000000551901e-08
0.041,1.9919024508535016e-09,-7.900396613374953e-08,-8.000000000583778e-08
0.0415,2.0446635698507793e-09,-7.997758558594299e-08,-8.100000000615655e-08
0.042,2.097692240983247e-09,-8.095107126200753e-08,-8.200000000647532e-08
0.0425,2.1509870394828937e-09,-8.192442387432756e-08,-8.300000000679409e-08
0.043000000000000003,2.204546561724214e-09,-8.289764412472015e-08,-8.400000000711286e-08
0.043500000000000004,2.258369424655189e-09,-8.387073270470814e-08,-8.500000000743164e-08
0.044000000000000004,2.312454265285389e-09,-8.484369029578993e-08,-8.600000000775041e-08
0.0445,2.3667997401613803e-09,-8.581651756969229e-08,-8.700000000806918e-08
0.045,2.4214045248806206e-09,-8.678921518861707e-08,-8.800000000838795e-08
0.0455,2.4762673136192295e-09,-8.776178380547801e-08,-8.900000000870672e-08
0.046,2.5313868186711957e-09,-8.873422406412749e-08,-9.000000000902549e-08
0.0465,2.5867617700166976e-09,-8.970653659957712e-08,-9.100000000934426e-08
0.047,2.6423909148928893e-09,-9.067872203820795e-08,-9.200000000966303e-08
0.0475,2.698273017393492e-09,-9.165078099797558e-08,-9.30000000099818e-08
0.048,2.7544068580670914e-09,-9.262271408860526e-08,-9.400000001030058e-08
0.0485,2.810791233544469e-09,-9.359452191178259e-08,-9.500000001061935e-08
0.049,2.867424956169491e-09,-9.456620506133608e-08,-9.600000001093812e-08
0.0495,2.9243068536459942e-09,-9.553776412341406e-08,-9.700000001125689e-08
0.05,2.9814357686980897e-09,-9.650919967665586e-08,-9.800000001157566e-08
0.0505,3.0388105587372705e-09,-9.748051229235639e-08,-9.900000001189443e-08
0.051000000000000004,3.09643009554212e-09,-9.845170253462568e-08,-1.000000000122132e-07
0.051500000000000004,3.154293264958082e-09,-9.942277096054446e-08,-1.0100000001253198e-07
0.052000000000000005,3.2123989665814672e-09,-1.0039371812031101e-07,-1.0200000001285075e-07
0.0525,3.2707461134905226e-09,-1.0136454455738902e-07,-1.0300000001316952e-07
0.053,3.3293336319560302e-09,-1.0233525080864617e-07,-1.0400000001348829e-07
0.0535,3.3881604611601514e-09,-1.0330583740448828e-07,-1.0500000001380706e-07
0.054,3.447225552947842e-09,-1.0427630486899294e-07,-1.0600000001412583e-07
0.0545,3.5065278715714497e-09,-1.0524665372003747e-07,-1.070000000144446e-07
0.055,3.566066393431736e-09,-1.0621688446942016e-07,-1.0800000001476337e-07
0.0555,3.6258401068477535e-09,-1.0718699762298207e-07,-1.0900000001508215e-07
0.056,3.685848011822633e-09,-1.0815699368072332e-07,-1.1000000001540092e-07
0.0565,3.746089119812238e-09,-1.0912687313691505e-07,-1.1100000001571969e-07
0.057,3.806562453511693e-09,-1.1009663648021047e-07,-1.1200000001603846e-07
0.0575,3.867267046640998e-09,-1.1106628419375122e-07,-1.1300000001635723e-07
0.058,3.928201943730826e-09,-1.1203581675527008e-07,-1.14000000016676e-07
0.0585,3.9893661999330805e-09,-1.1300523463719343e-07,-1.1500000001699477e-07
0.059000000000000004,4.050758880816189e-09,-1.1397453830673807e-07,-1.1600000001731355e-07
0.059500000000000004,4.112379062172821e-09,-1.1494372822600612e-07,-1.1700000001763232e-07
0.060000000000000005,4.1742258298423735e-09,-1.1591280485207924e-07,-1.1800000001795109e-07
0.0605,4.236298279525608e-09,-1.1688176863710808e-07,-1.1900000001826986e-07
0.061,4.298595516243123e-09,-1.1785062002805774e-07,-1.2000000001806538e-07
0.0615,4.361116655530311e-09,-1.1881935946754725e-07,-1.210000000177224e-07
0.062,4.423860821409418e-09,-1.1978798739370392e-07,-1.2200000001737943e-07
0.0625,4.486827147275474e-09,-1.207565042398308e-07,-1.2300000001703646e-07
0.063,4.550014775583929e-09,-1.2172491043469845e-07,-1.2400000001669348e-07
0.0635,4.613422857678242e-09,-1.226932064026416e-07,-1.250000000163505e-07
0.064,4.6770505536038355e-09,-1.2366139256363029e-07,-1.2600000001600754e-07
0.0645,4.740897032001108e-09,-1.2462946933335009e-07,-1.2700000001566456e-07
0.065,4.804961469929006e-09,-1.2559743712326845e-07,-1.280000000153216e-07
0.0655,4.869243052746752e-09,-1.2656529634070792e-07,-1.2900000001497862e-07
0.066,4.933740973967148e-09,-1.275330473889129e-07,-1.3000000001463564e-07
0.0665,4.998454435123244e-09,-1.2850069066711622e-07,-1.3100000001429267e-07
0.067,5.063382645639956e-09,-1.294682265706046e-07,-1.320000000139497e-07
0.0675,5.128524822711646e-09,-1.3043565549078263e-07,-1.3300000001360672e-07
0.068,5.193880191172813e-09,-1.314029778152345e-07,-1.3400000001326375e-07
0.0685,5.259447983373485e-09,-1.3237019392778372e-07,-1.3500000001292078e-07
0.069,5.325227439067066e-09,-1.3333730420855374e-07,-1.360000000125778e-07
0.0695,5.391217805294812e-09,-1.3430430903402586e-07,-1.3700000001223483e-07
0.07,5.457418336267726e-09,-1.3527120877709522e-07,-1.3800000001189186e-07
0.07050000000000001,5.523828293251114e-09,-1.3623800380712554e-07,-1.3900000001154888e-07
0.07100000000000001,5.5904469444748555e-09,-1.37204694490006e-07,-1.400000000112059e-07
0.07150000000000001,5.657273565007436e-09,-1.3817128118820152e-07,-1.4100000001086294e-07
0.07200000000000001,5.7243074366607374e-09,-1.391377642608059e-07,-1.4200000001051996e-07
0.0725,5.791547847892653e-09,-1.401041440635929e-07,-1.43000000010177e-07
0.073,5.858994093691775e-09,-1.4107042094906412e-07,-1.4400000000983402e-07
0.0735,5.926645475502423e-09,-1.4203659526650055e-07,-1.4500000000949105e-07
0.074,5.994501301115023e-09,-1.4300266736200829e-07,-1.4600000000914807e-07
0.0745,6.0625608845700815e-09,-1.4396863757856476e-07,-1.470000000088051e-07
0.075,6.130823546078198e-09,-1.4493450625606603e-07,-1.4800000000846213e-07
0.0755,6.1992886119226116e-09,-1.4590027373137056e-07,-1.4900000000811915e-07
0.076,6.267955414375802e-09,-1.4686594033834348e-07,-1.5000000000777618e-07
0.0765,6.336823291606593e-09,-1.478315064078988e-07,-1.510000000074332e-07
0.077,6.405891587605356e-09,-1.4879697226804269e-07,-1.5200000000709023e-07
0.0775,6.475159652095609e-09,-1.4976233824391407e-07,-1.5300000000674726e-07
0.078,6.5446268404536444e-09,-1.507276046578248e-07,-1.5400000000640429e-07
0.0785,6.614292513627243e-09,-1.516927718292996e-07,-1.550000000060613e-07
0.079,6.684156038063452e-09,-1.5265784007511532e-07,-1.5600000000571834e-07
0.0795,6.7542167856322906e-09,-1.536228097093394e-07,-1.5700000000537537e-07
0.08,6.8244741335441725e-09,-1.545876810433658e-07,-1.580000000050324e-07
0.0805,6.894927464282865e-09,-1.5555245438595305e-07,-1.5900000000468942e-07
0.081,6.965576165529576e-09,-1.5651713004325942e-07,-1.6000000000434645e-07
0.0815,7.036419630099554e-09,-1.5748170831887924e-07,-1.6100000000400347e-07
0.082,7.1074572558644745e-09,-1.5844618951387645e-07,-1.620000000036605e-07
0.0825,7.1786884456866875e-09,-1.59410573926819e-07,-1.6300000000331753e-07
0.083,7.250112607356733e-09,-1.6037486185381274e-07,-1.6400000000297455e-07
0.0835,7.321729153526217e-09,-1.6133905358853408e-07,-1.6500000000263158e-07
0.084,7.393537501633702e-09,-1.623031494222607e-07,-1.660000000022886e-07
0.0845,7.465537073855483e-09,-1.6326714964390514e-07,-1.6700000000194563e-07
0.085,7.537727297037072e-09,-1.6423105454004488e-07,-1.6800000000160266e-07
0.0855,7.610107602635417e-09,-1.6519486439495323e-07,-1.690000000012597e-07
0.08600000000000001,7.682677426651417e-09,-1.6615857949062804e-07,-1.7000000000091671e-07
0.08650000000000001,7.7554362095831e-09,-1.6712220010682297e-07,-1.7100000000057374e-07
0.08700000000000001,7.828383396352963e-09,-1.680857265210742e-07,-1.7200000000023077e-07
0.08750000000000001,7.901518436266165e-09,-1.690491590087307e-07,-1.729999999998878e-07
0.08800000000000001,7.974840782944834e-09,-1.7001249784298106e-07,-1.7399999999954482e-07
0.0885,8.04834989427998e-09,-1.7097574329488118e-07,-1.7499999999920185e-07
0.089,8.122045232370402e-09,-1.7193889563338067e-07,-1.7599999999885888e-07
0.0895,8.195926263475402e-09,-1.7290195512534983e-07,-1.769999999985159e-07
0.09,8.269992457963695e-09,-1.7386492203560575e-07,-1.7799999999817293e-07
0.0905,8.34424329025655e-09,-1.748277966269372e-07,-1.7899999999782996e-07
0.091,8.418678238780524e-09,-1.7579057916012983e-07,-1.7999999999748698e-07
0.0915,8.49329678592509e-09,-1.767532698939922e-07,-1.80999999997144e-07
0.092,8.56809841797654e-09,-1.777158690853773e-07,-1.8199999999680104e-07
0.0925,8.643082625094401e-09,-1.786783769892095e-07,-1.8299999999645806e-07
0.093,8.71824890123969e-09,-1.7964079385850543e-07,-1.839999999961151e-07
0.0935,8.793596744149077e-09,-1.8060311994439888e-07,-1.8499999999577212e-07
0.094,8.869125655275152e-09,-1.815653554961622e-07,-1.8599999999542914e-07
0.0945,8.944835139752994e-09,-1.8252750076122964e-07,-1.8699999999508617e-07
0.095,9.020724706345112e-09,-1.8348955598521834e-07,-1.879999999947432e-07
0.0955,9.096793867410499e-09,-1.8445152141195087e-07,-1.8899999999440022e-07
0.096,9.173042138851e-09,-1.8541339728347544e-07,-1.8999999999405725e-07
0.0965,9.249469040072104e-09,-1.863751838400872e-07,-1.9099999999371428e-07
0.097,9.32607409395543e-09,-1.8733688132035021e-07,-1.919999999933713e-07
0.0975,9.402856826793254e-09,-1.8829848996111498e-07,-1.9299999999302833e-07
0.098,9.479816768269225e-09,-1.892600099975403e-07,-1.9399999999268536e-07
0.0985,9.556953451413844e-09,-1.9022144166311274e-07,-1.9499999999234238e-07
0.099,9.634266412562707e-09,-1.91182785189665e-07,-1.959999999919994e-07
0.0995,9.711755191308655e-09,-1.921440408073944e-07,-1.9699999999165644e-07
0.1,9.78941933049877e-09,-1.931052087448852e-07,-1.9799999999131346e-07
0.1005,9.867258376160242e-09,-1.9406628922912247e-07,-1.989999999909705e-07
0.101,9.94527187747576e-09,-1.9502728248551193e-07,-1.9999999999062752e-07
0.1015,1.002345938675894e-08,-1.9598818873789878e-07,-2.0099999999028455e-07
0.10200000000000001,1.010182045940891e-08,-1.9694900820858427e-07,-2.0199999998994157e-07
0.10250000000000001,1.0180354653873535e-08,-1.979097411183424e-07,-2.029999999895986e-07
0.10300000000000001,1.0259061531626246e-08,-1.9887038768643868e-07,-2.0399999998925563e-07
0.10350000000000001,1.0337940657122854e-08,-1.9983094813064523e-07,-2.0499999998891265e-07
0.10400000000000001,1.0416991597769379e-08,-2.007914226672578e-07,-2.0599999998856968e-07
0.1045,1.0496213923895276e-08,-2.0175181151111257e-07,-2.069999999882267e-07
0.105,1.0575607208716522e-08,-2.0271211487560147e-07,-2.0799999998788373e-07
0.1055,1.0655171028306476e-08,-2.0367233297268829e-07,-2.0899999998754076e-07
0.106,1.0734904961563679e-08,-2.0463246601292432e-07,-2.0999999998719779e-07
0.1065,1.0814808590177589e-08,-2.0559251420546276e-07,-2.109999999868548e-07
0.107,1.0894881498612199e-08,-2.0655247775807585e-07,-2.1199999998651184e-07
0.1075,1.0975123274052613e-08,-2.0751235687716676e-07,-2.1299999998616887e-07
0.108,1.1055533506401756e-08,-2.084721517677874e-07,-2.139999999858259e-07
0.1085,1.1136111788230868e-08,-2.094318626336502e-07,-2.1499999998548292e-07
0.109,1.1216857714763284e-08,-2.1039148967714386e-07,-2.1599999998513995e-07
0.1095,1.1297770883840745e-08,-2.1135103309934676e-07,-2.1699999998479697e-07
0.11,1.1378850895903462e-08,-2.123104931000416e-07,-2.17999999984454e-07
0.1105,1.1460097353949854e-08,-2.132698698777274e-07,-2.1899999998411103e-07
0.111,1.1541509863521554e-08,-2.1422916362963465e-07,-2.1999999998376805e-07
0.1115,1.1623088032673827e-08,-2.1518837455173777e-07,-2.2099999998342508e-07
0.112,1.1704831471931476e-08,-2.1614750283876612e-07,-2.219999999830821e-07
0.1125,1.1786739794303923e-08,-2.171065486842217e-07,-2.2299999998273913e-07
0.113,1.186881261522666e-08,-2.1806551228038812e-07,-2.2399999998239616e-07
0.1135,1.1951049552541462e-08,-2.1902439381834313e-07,-2.249999999820532e-07
0.114,1.2033450226472897e-08,-2.1998319348797156e-07,-2.2599999998171021e-07
0.1145,1.211601425961406e-08,-2.2094191147797856e-07,-2.2699999998136724e-07
0.115,1.2198741276897439e-08,-2.2190054797590077e-07,-2.2799999998102427e-07
0.1155,1.2281630905558781e-08,-2.2285910316811688e-07,-2.289999999806813e-07
0.116,1.2364682775132595e-08,-2.238175772398612e-07,-2.2999999998033832e-07
0.1165,1.244789651741992e-08,-2.2477597037523446e-07,-2.3099999997999535e-07
0.117,1.253127176646098e-08,-2.2573428275721404e-07,-2.3199999997965238e-07
0.11750000000000001,1.2614808158525284e-08,-2.2669251456766712e-07,-2.329999999793094e-07
0.11800000000000001,1.2698505332078912e-08,-2.2765066598736016e-07,-2.3399999997896643e-07
0.11850000000000001,1.278236292776739e-08,-2.2860873719597045e-07,-2.3499999997862346e-07
0.11900000000000001,1.2866380588393786e-08,-2.2956672837209673e-07,-2.3599999997828048e-07
0.11950000000000001,1.2950557958898152e-08,-2.305246396932695e-07,-2.369999999779375e-07
0.12000000000000001,1.3034894686333598e-08,-2.3148247133596177e-07,-2.3799999997759454e-07
0.1205,1.3119390420623782e-08,-2.3244022347598045e-07,-2.389999999780211e-07
0.121,1.320404481185145e-08,-2.3339789628807048e-07,-2.399999999790016e-07
0.1215,1.328885751341466e-08,-2.3435548994497776e-07,-2.409999999799821e-07
0.122,1.3373828180838221e-08,-2.353130046189416e-07,-2.4199999998096264e-07
0.1225,1.3458956471473015e-08,-2.3627044048128337e-07,-2.4299999998194316e-07
0.123,1.3544242044649032e-08,-2.3722779770233978e-07,-2.4399999998292367e-07
0.1235,1.3629684561669953e-08,-2.3818507645146136e-07,-2.449999999839042e-07
0.124,1.3715283685794892e-08,-2.3914227689701986e-07,-2.459999999848847e-07
0.1245,1.3801039082207469e-08,-2.4009939920641513e-07,-2.469999999858652e-07
0.125,1.3886950418031207e-08,-2.410564435460891e-07,-2.4799999998684573e-07
0.1255,1.3973017362294983e-08,-2.420134100815319e-07,-2.4899999998782625e-07
0.126,1.4059239585899819e-08,-2.429702989772898e-07,-2.4999999998880677e-07
0.1265,1.4145616761621541e-08,-2.4392711039697585e-07,-2.509999999897873e-07
0.127,1.4232148564088868e-08,-2.448838445032783e-07,-2.519999999907678e-07
0.1275,1.4318834669745996e-08,-2.458405014579665e-07,-2.529999999917483e-07
0.128,1.4405674756884558e-08,-2.467970814219054e-07,-2.5399999999272883e-07
0.1285,1.4492668505560807e-08,-2.477535845550559e-07,-2.5499999999370934e-07
0.129,1.4579815597651821e-08,-2.487100110164917e-07,-2.5599999999468986e-07
0.1295,1.4667115716767969e-08,-2.4966636096439896e-07,-2.569999999956704e-07
0.13,1.4754568548289504e-08,-2.5062263455609087e-07,-2.579999999966509e-07
0.1305,1.4842173779325711e-08,-2.5157883194801243e-07,-2.589999999976314e-07
0.131,1.4929931098705828e-08,-2.5253495329574877e-07,-2.599999999986119e-07
0.1315,1.5017840196962075e-08,-2.5349099875403317e-07,-2.6099999999959244e-07
0.132,1.5105900766312214e-08,-2.5444696847675463e-07,-2.6200000000057296e-07
0.1325,1.5194112500661164e-08,-2.554028626169664e-07,-2.6300000000155347e-07
0.133,1.52824750955644e-08,-2.563586813268918e-07,-2.64000000002534e-07
0.1335,1.537098824820763e-08,-2.573144247579308e-07,-2.650000000035145e-07
0.134,1.545965165742481e-08,-2.582700930606705e-07,-2.66000000004495e-07
0.1345,1.5548465023661105e-08,-2.5922568638489044e-07,-2.6700000000547553e-07
0.135,1.5637428048952466e-08,-2.601812048795689e-07,-2.6800000000645605e-07
0.1355,1.5726540436930585e-08,-2.611366486928913e-07,-2.6900000000743657e-07
0.136,1.581580189278937e-08,-2.6209201797225586e-07,-2.700000000084171e-07
0.1365,1.5905212123307282e-08,-2.630473128642841e-07,-2.710000000093976e-07
0.137,1.599477083678174e-08,-2.6400253351482145e-07,-2.720000000103781e-07
0.1375,1.608447774305602e-08,-2.6495768006894876e-07,-2.7300000001135863e-07
0.138,1.6174332553473996e-08,-2.659127526709856e-07,-2.7400000001233914e-07
0.1385,1.6264334980913046e-08,-2.6686775146450117e-07,-2.7500000001331966e-07
0.139,1.6354484739733703e-08,-2.678226765923176e-07,-2.760000000143002e-07
0.1395,1.644478154576174e-08,-2.687775281965144e-07,-2.770000000152807e-07
0.14,1.653522511631444e-08,-2.697323064184404e-07,-2.780000000162612e-07
0.1405,1.662581517014747e-08,-2.706870113987147e-07,-2.790000000172417e-07
0.14100000000000001,1.67165514274614e-08,-2.7164164327723504e-07,-2.8000000001822224e-07
0.14150000000000001,1.6807433609891213e-08,-2.725962021931842e-07,-2.8100000001920275e-07
0.14200000000000002,1.6898461440501686e-08,-2.735506882850365e-07,-2.8200000002018327e-07
0.14250000000000002,1.6989634643733778e-08,-2.745051016905597e-07,-2.830000000211638e-07
0.14300000000000002,1.7080952945459195e-08,-2.7545944254682747e-07,-2.840000000221443e-07
0.14350000000000002,1.717241607291107e-08,-2.7641371099021924e-07,-2.850000000231248e-07
0.14400000000000002,1.7264023754707275e-08,-2.7736790715642976e-07,-2.8600000002410533e-07
0.1445,1.7355775720809763e-08,-2.783220311804718e-07,-2.8700000002508585e-07
0.145,1.744767170255379e-08,-2.792760831966855e-07,-2.8800000002606637e-07
0.1455,1.7539711432595602e-08,-2.8023006333874015e-07,-2.890000000270469e-07
0.146,1.7631894644919396e-08,-2.8118397173964075e-07,-2.900000000280274e-07
0.1465,1.772422107482991e-08,-2.821378085317345e-07,-2.910000000290079e-07
0.147,1.781669045894659e-08,-2.8309157384671654e-07,-2.9200000002998843e-07
0.1475,1.7909302535171657e-08,-2.84045267815633e-07,-2.9300000003096894e-07
0.148,1.800205704269537e-08,-2.849988905688876e-07,-2.9400000003194946e-07
0.1485,1.8094953721988427e-08,-2.859524422362476e-07,-2.9500000003293e-07
0.149,1.8187992314780933e-08,-2.8690592294684694e-07,-2.960000000339105e-07
0.1495,1.828117256405881e-08,-2.87859332829193e-07,-2.97000000034891e-07
0.15,1.8374494214047494e-08,-2.888126720111705e-07,-2.980000000358715e-07
0.1505,1.8467957010220442e-08,-2.89765940620048e-07,-2.9900000003685204e-07
0.151,1.8561560699261243e-08,-2.907191387824805e-07,-3.0000000003783255e-07
0.1515,1.865530502907532e-08,-2.9167226662451626e-07,-3.0100000003881307e-07
0.152,1.874918974877094e-08,-2.926253242716005e-07,-3.020000000397936e-07
0.1525,1.8843214608649812e-08,-2.9357831184858024e-07,-3.030000000407741e-07
0.153,1.893737936020961e-08,-2.9453122947971e-07,-3.040000000417546e-07
0.1535,1.9031683756123567e-08,-2.9548407728865593e-07,-3.0500000004273513e-07
0.154,1.912612755021589e-08,-2.964368553984979e-07,-3.0600000004371565e-07
0.1545,1.9220710497492285e-08,-2.9738956393173915e-07,-3.0700000004469616e-07
0.155,1.9315432354096353e-08,-2.983422030103057e-07,-3.080000000456767e-07
0.1555,1.941029287731842e-08,-2.992947727555545e-07,-3.090000000466572e-07
0.156,1.9505291825570683e-08,-3.0024727328827476e-07,-3.100000000476377e-07
0.1565,1.960042895840327e-08,-3.011997047286953e-07,-3.1100000004861823e-07
0.157,1.969570403647964e-08,-3.0215206719648726e-07,-3.1200000004959874e-07
0.1575,1.9791116821551207e-08,-3.0310436081076654e-07,-3.1300000005057926e-07
0.158,1.9886667076496145e-08,-3.0405658569010277e-07,-3.140000000515598e-07
0.1585,1.998235456526486e-08,-3.0500874195251887e-07,-3.150000000525403e-07
0.159,2.0078179052881098e-08,-3.059608297154965e-07,-3.160000000535208e-07
0.1595,2.0174140305466637e-08,-3.069128490959822e-07,-3.170000000545013e-07
0.16,2.0270238090191167e-08,-3.0786480021038874e-07,-3.1800000005548184e-07
0.1605,2.036647217528609e-08,-3.088166831746003e-07,-3.1900000005646235e-07
0.161,2.0462842330029737e-08,-3.097684981039762e-07,-3.2000000005744287e-07
0.1615,2.0559348324742473e-08,-3.1072024511335467e-07,-3.210000000584234e-07
0.162,2.065598993080093e-08,-3.116719243170594e-07,-3.220000000594039e-07
0.1625,2.075276692056026e-08,-3.1262353582889603e-07,-3.230000000603844e-07
0.163,2.0849679067447657e-08,-3.1357507976216625e-07,-3.2400000006136493e-07
0.1635,2.0946726145855845e-08,-3.1452655622966123e-07,-3.2500000006234545e-07
0.164,2.1043907931209867e-08,-3.1547796534367345e-07,-3.2600000006332596e-07
0.1645,2.114122419992548e-08,-3.164293072159965e-07,-3.270000000643065e-07
0.165,2.1238674729406595e-08,-3.17380581957929e-07,-3.28000000065287e-07
0.1655,2.1336259298032384e-08,-3.1833178968027815e-07,-3.290000000662675e-07
0.166,2.1433977685168585e-08,-3.192829304933648e-07,-3.3000000006724803e-07
0.1665,2.15318296711361e-08,-3.202340045070247e-07,-3.3100000006822854e-07
0.167,2.1629815037225248e-08,-3.2118501183061384e-07,-3.3200000006920906e-07
0.1675,2.172793356567168e-08,-3.2213595257301067e-07,-3.330000000701896e-07
0.168,2.182618503967175e-08,-3.2308682684262117e-07,-3.340000000711701e-07
0.1685,2.1924569243377955e-08,-3.24037634747383e-07,-3.350000000721506e-07
0.169,2.2023085961840774e-08,-3.249883763947633e-07,-3.360000000731311e-07
0.1695,2.2121734980980725e-08,-3.259390518917603e-07,-3.3700000007411164e-07
0.17,2.222051608784115e-08,-3.268896613449316e-07,-3.3800000007509215e-07
0.1705,2.231942907014003e-08,-3.278402048603549e-07,-3.3900000007607267e-07
0.171,2.2418473716605495e-08,-3.2879068254366424e-07,-3.400000000770532e-07
0.1715,2.251764981695042e-08,-3.297410945000509e-07,-3.410000000780337e-07
0.17200000000000001,2.2616957161653064e-08,-3.3069144083424644e-07,-3.420000000790142e-07
0.17250000000000001,2.2716395542131255e-08,-3.3164172165054313e-07,-3.4300000007999473e-07
0.17300000000000001,2.2815964750688282e-08,-3.325919370527928e-07,-3.4400000008097525e-07
0.17350000000000002,2.2915664580493474e-08,-3.335420871444079e-07,-3.4500000008195576e-07
0.17400000000000002,2.3015494825594745e-08,-3.3449217202836673e-07,-3.460000000829363e-07
0.17450000000000002,2.311545528089606e-08,-3.3544219180721483e-07,-3.470000000839168e-07
0.17500000000000002,2.3215545742173072e-08,-3.3639214658307023e-07,-3.480000000848973e-07
0.17550000000000002,2.3315766006030243e-08,-3.3734203645762263e-07,-3.4900000008587783e-07
0.17600000000000002,2.3416115869940116e-08,-3.3829186153214064e-07,-3.5000000008685834e-07
0.1765,2.3516595132213242e-08,-3.3924162190747247e-07,-3.5100000008783886e-07
0.177,2.3617203591982053e-08,-3.401913176840477e-07,-3.520000000888194e-07
0.1775,2.3717941049212845e-08,-3.4114094896188177e-07,-3.530000000897999e-07
0.178,2.381880730470348e-08,-3.4209051584057933e-07,-3.540000000907804e-07
0.1785,2.3919802160055284e-08,-3.4304001841933466e-07,-3.550000000917609e-07
0.179,2.402092541769671e-08,-3.4398945679693766e-07,-3.5600000009274144e-07
0.1795,2.4122176880857007e-08,-3.4493883107177377e-07,-3.5700000009372195e-07
0.18,2.422355635356208e-08,-3.458881413418277e-07,-3.5800000009470247e-07
0.1805,2.4325063640639306e-08,-3.468373877046864e-07,-3.59000000095683e-07
0.181,2.4426698547712988e-08,-3.4778657025754234e-07,-3.600000000966635e-07
0.1815,2.4528460881173488e-08,-3.487356890971932e-07,-3.61000000097644e-07
0.182,2.4630350448216026e-08,-3.4968474432004896e-07,-3.6200000009862453e-07
0.1825,2.4732367056788325e-08,-3.5063373602213033e-07,-3.6300000009960505e-07
0.183,2.483451051561711e-08,-3.5158266429907336e-07,-3.6400000010058556e-07
0.1835,2.493678063419572e-08,-3.5253152924613225e-07,-3.650000001015661e-07
0.184,2.5039177222782503e-08,-3.5348033095818187e-07,-3.660000001025466e-07
0.1845,2.5141700092380763e-08,-3.544290695297183e-07,-3.670000001035271e-07
0.185,2.5244349054747987e-08,-3.5537774505486383e-07,-3.680000001045076e-07
0.1855,2.5347123922375937e-08,-3.5632635762736685e-07,-3.6900000010548814e-07
0.186,2.54500245085102e-08,-3.57274907340607e-07,-3.7000000010646866e-07
0.1865,2.5553050627138658e-08,-3.5822339428759735e-07,-3.710000001074492e-07
0.187,2.5656202092963868e-08,-3.591718185609835e-07,-3.720000001084297e-07
0.1875,2.575947872140445e-08,-3.601201802530479e-07,-3.730000001094102e-07
0.188,2.5862880328626677e-08,-3.61068479455715e-07,-3.740000001103907e-07
0.1885,2.5966406731497775e-08,-3.6201671626054925e-07,-3.7500000011137124e-07
0.189,2.6070057747601433e-08,-3.6296489075875964e-07,-3.7600000011235175e-07
0.1895,2.6173833195237206e-08,-3.639130030412021e-07,-3.7700000011333227e-07
0.19,2.6277732893374344e-08,-3.648610531983788e-07,-3.780000001143128e-07
0.1905,2.6381756661722205e-08,-3.6580904132044626e-07,-3.790000001152933e-07
0.191,2.648590432066048e-08,-3.667569674972118e-07,-3.800000001162738e-07
0.1915,2.659017569125877e-08,-3.67704831818138e-07,-3.8100000011725433e-07
0.192,2.669457059527983e-08,-3.68652634372346e-07,-3.8200000011823485e-07
0.1925,2.6799088855169353e-08,-3.696003752486163e-07,-3.8300000011921536e-07
0.193,2.690373029401775e-08,-3.7054805453538864e-07,-3.840000001201959e-07
0.1935,2.7008494735648884e-08,-3.71495672320772e-07,-3.850000001211764e-07
0.194,2.7113382004491573e-08,-3.7244322869253575e-07,-3.860000001221569e-07
0.1945,2.7218391925680868e-08,-3.733907237381207e-07,-3.870000001231374e-07
0.195,2.732352432500445e-08,-3.7433815754463794e-07,-3.8800000012411794e-07
0.1955,2.742877902886903e-08,-3.752855301988669e-07,-3.8900000012509846e-07
0.196,2.7534155864385542e-08,-3.762328417872661e-07,-3.9000000012607897e-07
0.1965,2.763965465928943e-08,-3.771800923959681e-07,-3.910000001270595e-07
0.197,2.7745275241951364e-08,-3.781272821107834e-07,-3.9200000012804e-07
0.1975,2.7851017441382355e-08,-3.790744110172022e-07,-3.930000001290205e-07
0.198,2.795688108725009e-08,-3.8002147920039905e-07,-3.9400000013000104e-07
0.1985,2.8062866009830226e-08,-3.8096848674523046e-07,-3.9500000013098155e-07
0.199,2.8168972040036812e-08,-3.8191543373624006e-07,-3.9600000013196207e-07
0.1995,2.8275199009418527e-08,-3.8286232025766014e-07,-3.970000001329426e-07
0.2,2.838154675012243e-08,-3.83809146393411e-07,-3.980000001339231e-07
0.2005,2.8488015094925664e-08,-3.847559122271059e-07,-3.990000001349036e-07
0.201,2.8594603877201043e-08,-3.857026178420503e-07,-4.0000000013588413e-07
0.2015,2.8701312930972063e-08,-3.8664926332124864e-07,-4.0100000013686465e-07
0.202,2.8808142090812776e-08,-3.875958487473976e-07,-4.0200000013784516e-07
0.2025,2.891509119194345e-08,-3.885423742028972e-07,-4.030000001388257e-07
0.203,2.9022160070165253e-08,-3.8948883976984723e-07,-4.040000001398062e-07
0.20350000000000001,2.9129348561868675e-08,-3.904352455300487e-07,-4.050000001407867e-07
0.20400000000000001,2.923665650403393e-08,-3.91381591565008e-07,-4.060000001417672e-07
0.20450000000000002,2.9344083734261265e-08,-3.9232787795594015e-07,-4.0700000014274774e-07
0.20500000000000002,2.945163009066817e-08,-3.9327410478376206e-07,-4.0800000014372826e-07
0.20550000000000002,2.955929541202849e-08,-3.942202721291074e-07,-4.0900000014470877e-07
0.20600000000000002,2.9667079537646694e-08,-3.951663800723173e-07,-4.100000001456893e-07
0.20650000000000002,2.977498230741154e-08,-3.961124286934463e-07,-4.110000001466698e-07
0.20700000000000002,2.9883003561780747e-08,-3.970584180722644e-07,-4.120000001476503e-07
0.20750000000000002,2.999114314178825e-08,-3.9800434828825843e-07,-4.1300000014863084e-07
0.20800000000000002,3.0099400889031434e-08,-3.989502194206333e-07,-4.1400000014961135e-07
0.2085,3.020777664564012e-08,-3.9989603154831114e-07,-4.1500000015059187e-07
0.209,3.031627025433348e-08,-4.008417847499386e-07,-4.160000001515724e-07
0.2095,3.042488155839079e-08,-4.017874791038862e-07,-4.170000001525529e-07
0.21,3.0533610401595706e-08,-4.0273311468824463e-07,-4.180000001535334e-07
0.2105,3.0642456628327343e-08,-4.0367869158083526e-07,-4.1900000015451393e-07
0.211,3.075142008348812e-08,-4.046242098592053e-07,-4.2000000015549445e-07
0.2115,3.086050061252676e-08,-4.05569669600632e-07,-4.2100000015647496e-07
0.212,3.096969806141902e-08,-4.0651507088212195e-07,-4.220000001574555e-07
0.2125,3.107901227669177e-08,-4.0746041378041665e-07,-4.23000000158436e-07
0.213,3.118844310540084e-08,-4.08405698371991e-07,-4.240000001594165e-07
0.2135,3.129799039511028e-08,-4.093509247330531e-07,-4.25000000160397e-07
0.214,3.1407653993936245e-08,-4.1029609293955105e-07,-4.2600000016137754e-07
0.2145,3.1517433750513e-08,-4.1124120306717076e-07,-4.2700000016235806e-07
0.215,3.162732951398111e-08,-4.121862551913374e-07,-4.2800000016333857e-07
0.2155,3.1737341134008164e-08,-4.131312493872178e-07,-4.290000001643191e-07
0.216,3.184746846076836e-08,-4.1407618572972147e-07,-4.300000001652996e-07
0.2165,3.195771134496485e-08,-4.1502106429350434e-07,-4.310000001662801e-07
0.217,3.206806963778823e-08,-4.159658851529659e-07,-4.3200000016726064e-07
0.2175,3.217854319095171e-08,-4.169106483822541e-07,-4.3300000016824115e-07
0.218,3.228913185665264e-08,-4.178553540552643e-07,-4.3400000016922167e-07
0.2185,3.2399835487601e-08,-4.1880000224564334e-07,-4.350000001702022e-07
0.219,3.2510653937012064e-08,-4.197445930267899e-07,-4.360000001711827e-07
0.2195,3.262158705857448e-08,-4.206891264718539e-07,-4.370000001721632e-07
0.22,3.2732634706471246e-08,-4.2163360265373965e-07,-4.3800000017314373e-07
0.2205,3.28437967353891e-08,-4.225780216451088e-07,-4.3900000017412425e-07
0.221,3.2955073000498915e-08,-4.2352238351837896e-07,-4.4000000017510476e-07
0.2215,3.306646335743973e-08,-4.244666883457251e-07,-4.410000001760853e-07
0.222,3.3177967662341913e-08,-4.2541093619908287e-07,-4.420000001770658e-07
0.2225,3.3289585771836266e-08,-4.263551271501506e-07,-4.430000001780463e-07
0.223,3.3401317542966384e-08,-4.272992612703836e-07,-4.440000001790268e-07
0.2235,3.351316283331557e-08,-4.2824333863100626e-07,-4.4500000018000734e-07
0.224,3.362512150089576e-08,-4.291873593030047e-07,-4.4600000018098786e-07
0.2245,3.37371934041982e-08,-4.3013132335713173e-07,-4.4700000018196837e-07
0.225,3.3849378402196815e-08,-4.3107523086390905e-07,-4.480000001829489e-07
0.2255,3.3961676354309606e-08,-4.320190818936257e-07,-4.490000001839294e-07
0.226,3.407408712041007e-08,-4.3296287651633946e-07,-4.500000001849099e-07
0.2265,3.4186610560837616e-08,-4.33906614801881e-07,-4.5100000018589043e-07
0.227,3.429924653639531e-08,-4.348502968198534e-07,-4.5200000018687095e-07
0.2275,3.441199490832575e-08,-4.3579392263963217e-07,-4.5300000018785147e-07
0.228,3.45248555383333e-08,-4.367374923303692e-07,-4.54000000188832e-07
0.2285,3.4637828288564855e-08,-4.37681005960991e-07,-4.550000001898125e-07
0.229,3.475091302161089e-08,-4.3862446360020176e-07,-4.56000000190793e-07
0.2295,3.4864109600494206e-08,-4.3956786531648343e-07,-4.5700000019177353e-07
0.23,3.497741788868956e-08,-4.405112111780973e-07,-4.5800000019275405e-07
0.2305,3.5090837750137994e-08,-4.414545012530895e-07,-4.5900000019373456e-07
0.231,3.520436904915106e-08,-4.423977356092812e-07,-4.600000001947151e-07
0.2315,3.5318011650556594e-08,-4.433409143142836e-07,-4.610000001956956e-07
0.232,3.5431765419543377e-08,-4.4428403743548683e-07,-4.620000001966761e-07
0.2325,3.554563022175189e-08,-4.452271050400674e-07,-4.630000001976566e-07
0.233,3.565960592327747e-08,-4.461701171949912e-07,-4.6400000019863714e-07
0.2335,3.577369239059439e-08,-4.471130739670076e-07,-4.6500000019961766e-07
0.234,3.588788949064237e-08,-4.480559754226588e-07,-4.6600000020059817e-07
0.23450000000000001,3.6002197090740575e-08,-4.4899882162827263e-07,-4.670000002015787e-07
0.23500000000000001,3.6116615058658254e-08,-4.499416126499704e-07,-4.680000002025592e-07
0.23550000000000001,3.623114326258756e-08,-4.5088434855366634e-07,-4.690000002035397e-07
0.23600000000000002,3.634578157108114e-08,-4.5182702940506356e-07,-4.7000000020452023e-07
0.23650000000000002,3.646052985317531e-08,-4.527696552696649e-07,-4.7100000020550075e-07
0.23700000000000002,3.6575387978263235e-08,-4.53712226212764e-07,-4.7200000020648127e-07
0.23750000000000002,3.669035581615895e-08,-4.5465474229945157e-07,-4.730000002074618e-07
0.23800000000000002,3.680543323707165e-08,-4.555972035946155e-07,-4.740000002084423e-07
0.23850000000000002,3.692062011166165e-08,-4.5653961016294526e-07,-4.750000002094228e-07
0.23900000000000002,3.7035916310934884e-08,-4.574819620689259e-07,-4.7600000021040333e-07
0.23950000000000002,3.715132170565869e-08,-4.5842425937674484e-07,-4.770000002109528e-07
0.24000000000000002,3.726683616693511e-08,-4.5936650214906454e-07,-4.780000002092863e-07
0.2405,3.738245956968983e-08,-4.6030869045063554e-07,-4.790000002076198e-07
0.241,3.749819178552223e-08,-4.6125082434566854e-07,-4.800000002059534e-07
0.2415,3.7614032687191867e-08,-4.6219290389777624e-07,-4.810000002042869e-07
0.242,3.77299821480519e-08,-4.631349291702892e-07,-4.820000002026204e-07
0.2425,3.784604004184305e-08,-4.640769002263207e-07,-4.83000000200954e-07
0.243,3.7962206242756425e-08,-4.6501881712879206e-07,-4.840000001992875e-07
0.2435,3.8078480625314846e-08,-4.6596067994042743e-07,-4.850000001976211e-07
0.244,3.8194863064483836e-08,-4.66902488723765e-07,-4.860000001959546e-07
0.2445,3.831135343553577e-08,-4.678442435411468e-07,-4.870000001942881e-07
0.245,3.842795161417682e-08,-4.687859444547312e-07,-4.880000001926217e-07
0.2455,3.854465747647223e-08,-4.697275915264869e-07,-4.890000001909552e-07
0.246,3.866147089884233e-08,-4.7066918481819446e-07,-4.900000001892887e-07
0.2465,3.877839175811068e-08,-4.7161072439145104e-07,-4.910000001876223e-07
0.247,3.889541993144443e-08,-4.725522103076664e-07,-4.920000001859558e-07
0.2475,3.901255529639827e-08,-4.7349364262806775e-07,-4.930000001842894e-07
0.248,3.91297977308848e-08,-4.744350214136982e-07,-4.940000001826229e-07
0.2485,3.9247147113167464e-08,-4.7537634672541775e-07,-4.950000001809564e-07
0.249,3.936460332192567e-08,-4.763176186239087e-07,-4.9600000017929e-07
0.2495,3.9482166236136006e-08,-4.772588371696678e-07,-4.970000001776235e-07
0.25,3.959983573512282e-08,-4.782000024230116e-07,-4.98000000175957e-07
0.2505,3.971761169872181e-08,-4.791411144440899e-07,-4.990000001742906e-07
0.251,3.983549400688515e-08,-4.800821732928558e-07,-5.000000001726241e-07
0.2515,3.995348254000985e-08,-4.810231790290921e-07,-5.010000001709577e-07
0.252,4.0071577179039906e-08,-4.819641317124212e-07,-5.020000001692912e-07
0.2525,4.018977780503075e-08,-4.829050314022709e-07,-5.030000001676247e-07
0.253,4.030808429938525e-08,-4.838458781578943e-07,-5.040000001659583e-07
0.2535,4.042649654409903e-08,-4.84786672038391e-07,-5.050000001642918e-07
0.254,4.054501442113692e-08,-4.857274131026572e-07,-5.060000001626254e-07
0.2545,4.0663637813188184e-08,-4.866681014094477e-07,-5.070000001609589e-07
0.255,4.078236660304408e-08,-4.876087370173274e-07,-5.080000001592924e-07
0.2555,4.090120067387039e-08,-4.885493199846927e-07,-5.09000000157626e-07
0.256,4.102013990932675e-08,-4.894898503697834e-07,-5.100000001559595e-07
0.2565,4.113918419314981e-08,-4.904303282306498e-07,-5.11000000154293e-07
0.257,4.125833340960432e-08,-4.913707536251897e-07,-5.120000001526266e-07
0.2575,4.137758744331245e-08,-4.923111266111355e-07,-5.130000001509601e-07
0.258,4.149694617903317e-08,-4.932514472460377e-07,-5.140000001492937e-07
0.2585,4.161640950204577e-08,-4.94191715587297e-07,-5.150000001476272e-07
0.259,4.173597729786527e-08,-4.951319316921411e-07,-5.160000001459607e-07
0.2595,4.185564945244325e-08,-4.960720956176423e-07,-5.170000001442943e-07
0.26,4.197542585184958e-08,-4.970122074206943e-07,-5.180000001426278e-07
0.2605,4.209530638262483e-08,-4.979522671580388e-07,-5.190000001409613e-07
0.261,4.221529093167823e-08,-4.988922748862602e-07,-5.200000001392949e-07
0.2615,4.233537938614419e-08,-4.998322306617742e-07,-5.210000001376284e-07
0.262,4.2455571633489746e-08,-5.00772134540837e-07,-5.22000000135962e-07
0.2625,4.2575867561515615e-08,-5.017119865795471e-07,-5.230000001342955e-07
0.263,4.269626705837385e-08,-5.026517868338469e-07,-5.24000000132629e-07
0.2635,4.2816770012469667e-08,-5.035915353595162e-07,-5.250000001309626e-07
0.264,4.293737631258435e-08,-5.045312322121818e-07,-5.260000001292961e-07
0.2645,4.305808584773234e-08,-5.054708774473083e-07,-5.270000001276296e-07
0.265,4.317889850733875e-08,-5.064104711202124e-07,-5.280000001259632e-07
0.2655,4.329981418107654e-08,-5.07350013286051e-07,-5.290000001242967e-07
0.266,4.3420832758934825e-08,-5.082895039998273e-07,-5.300000001226303e-07
0.2665,4.354195413118393e-08,-5.092289433163889e-07,-5.310000001209638e-07
0.267,4.366317818847783e-08,-5.10168331290436e-07,-5.320000001192973e-07
0.2675,4.378450482169411e-08,-5.111076679765115e-07,-5.330000001176309e-07
0.268,4.390593392204783e-08,-5.120469534290087e-07,-5.340000001159644e-07
0.2685,4.402746538106747e-08,-5.129861877021718e-07,-5.35000000114298e-07
0.269,4.414909909057901e-08,-5.139253708500938e-07,-5.360000001126315e-07
0.2695,4.4270834942645596e-08,-5.148645029267141e-07,-5.37000000110965e-07
0.27,4.4392672829747176e-08,-5.158035839858328e-07,-5.380000001092986e-07
0.2705,4.451461264452189e-08,-5.16742614081091e-07,-5.390000001076321e-07
0.271,4.4636654280038125e-08,-5.176815932659929e-07,-5.400000001059656e-07
0.2715,4.4758797629551457e-08,-5.186205215938882e-07,-5.410000001042992e-07
0.272,4.488104258663648e-08,-5.19559399117982e-07,-5.420000001026327e-07
0.2725,4.500338904518465e-08,-5.204982258913368e-07,-5.430000001009663e-07
0.273,4.512583689940459e-08,-5.214370019668718e-07,-5.440000000992998e-07
0.2735,4.5248386043707026e-08,-5.223757273973559e-07,-5.450000000976333e-07
0.274,4.537103637281683e-08,-5.233144022354167e-07,-5.460000000959669e-07
0.2745,4.5493787781801794e-08,-5.242530265335434e-07,-5.470000000943004e-07
0.275,4.561664016594861e-08,-5.251916003440779e-07,-5.480000000926339e-07
0.2755,4.573959342087812e-08,-5.261301237192248e-07,-5.490000000909675e-07
0.276,4.5862647442472993e-08,-5.270685967110458e-07,-5.50000000089301e-07
0.2765,4.598580212687876e-08,-5.28007019371462e-07,-5.510000000876346e-07
0.277,4.6109057370493e-08,-5.289453917522513e-07,-5.520000000859681e-07
0.2775,4.6232413070038245e-08,-5.298837139050572e-07,-5.530000000843016e-07
0.278,4.6355869122545706e-08,-5.308219858813874e-07,-5.540000000826352e-07
0.2785,4.647942542528933e-08,-5.317602077326086e-07,-5.550000000809687e-07
0.279,4.6603081875778976e-08,-5.326983795099481e-07,-5.560000000793022e-07
0.2795,4.672683837181365e-08,-5.336365012644972e-07,-5.570000000776358e-07
0.28,4.685069481155089e-08,-5.345745730472183e-07,-5.580000000759693e-07
0.2805,4.6974651093226994e-08,-5.355125949089237e-07,-5.590000000743029e-07
0.281,4.7098707115629e-08,-5.36450566900312e-07,-5.600000000726364e-07
0.28150000000000003,4.7222862777496844e-08,-5.373884890719237e-07,-5.610000000709699e-07
0.28200000000000003,4.7347117978082386e-08,-5.383263614741849e-07,-5.620000000693035e-07
0.28250000000000003,4.747147261678807e-08,-5.392641841573796e-07,-5.63000000067637e-07
0.28300000000000003,4.759592659330812e-08,-5.402019571716609e-07,-5.640000000659705e-07
0.28350000000000003,4.772047980764647e-08,-5.411396805670539e-07,-5.650000000643041e-07
0.28400000000000003,4.784513215992392e-08,-5.420773543934411e-07,-5.660000000626376e-07
0.28450000000000003,4.796988355072923e-08,-5.430149787005903e-07,-5.670000000609712e-07
0.28500000000000003,4.809473388069836e-08,-5.439525535381229e-07,-5.680000000593047e-07
0.28550000000000003,4.821968305088752e-08,-5.448900789555433e-07,-5.690000000576382e-07
0.28600000000000003,4.834473096257417e-08,-5.458275550022231e-07,-5.700000000559718e-07
0.28650000000000003,4.846987751724252e-08,-5.467649817274022e-07,-5.710000000543053e-07
0.28700000000000003,4.8595122616690105e-08,-5.477023591801965e-07,-5.720000000526388e-07
0.28750000000000003,4.8720466162922465e-08,-5.486396874095916e-07,-5.730000000509724e-07
0.28800000000000003,4.884590805821905e-08,-5.495769664644469e-07,-5.740000000493059e-07
0.2885,4.8971448205084345e-08,-5.505141963934941e-07,-5.750000000476395e-07
0.289,4.909708650638751e-08,-5.514513772453473e-07,-5.76000000045973e-07
0.2895,4.922282286513091e-08,-5.523885090684868e-07,-5.770000000443065e-07
0.29,4.934865718457334e-08,-5.533255919112688e-07,-5.780000000426401e-07
0.2905,4.947458936817412e-08,-5.542626258219218e-07,-5.790000000409736e-07
0.291,4.9600619319873293e-08,-5.551996108485674e-07,-5.800000000393072e-07
0.2915,4.9726746943616664e-08,-5.56136547039187e-07,-5.810000000376407e-07
0.292,4.9852972143586194e-08,-5.570734344416377e-07,-5.820000000359742e-07
0.2925,4.997929482453506e-08,-5.580102731036799e-07,-5.830000000343078e-07
0.293,4.828675722963952e-08,-5.581847204420986e-07,-5.823276800354282e-07
0.2935,4.75921029312198e-08,-5.575316596751202e-07,-5.813276800370946e-07
0.294,4.730896510352995e-08,-5.566732775341782e-07,-5.803276800387611e-07
0.2945,4.712959098047313e-08,-5.557629627743522e-07,-5.793276800404275e-07
0.295,4.697706832942357e-08,-5.548392245384196e-07,-5.78327680042094e-07
0.2955,4.683205687790188e-08,-5.539117304276188e-07,-5.773276800437605e-07
0.296,4.668968035937456e-08,-5.529829187510402e-07,-5.763276800454269e-07
0.2965,4.654868594851854e-08,-5.520534160039312e-07,-5.753276800470934e-07
0.297,4.6408729157423275e-08,-5.511233944410429e-07,-5.743276800487599e-07
0.2975,4.626969415310292e-08,-5.501929119820972e-07,-5.733276800504263e-07
0.298,4.613152366763794e-08,-5.492619972619181e-07,-5.723276800520928e-07
0.2985,4.599417642653894e-08,-5.483306709179137e-07,-5.713276800537592e-07
0.299,4.585761645483633e-08,-5.47398950937849e-07,-5.703276800554257e-07
0.2995,4.5721810345309633e-08,-5.464668540253151e-07,-5.693276800570922e-07
0.3,4.558672651825945e-08,-5.45534395970255e-07,-5.683276800587586e-07
0.3005,4.545233497924986e-08,-5.446015917699262e-07,-5.673276800604251e-07
0.301,4.5318607204329606e-08,-5.436684556863732e-07,-5.663276800620916e-07
0.3015,4.518551605939899e-08,-5.427350012867679e-07,-5.65327680063758e-07
0.302,4.505303573025585e-08,-5.418012414781988e-07,-5.643276800654245e-07
0.3025,4.492114165842359e-08,-5.408671885399405e-07,-5.633276800670909e-07
0.303,4.478981048020348e-08,-5.399328541539158e-07,-5.623276800687574e-07
0.3035,4.4659019968716767e-08,-5.38998249433624e-07,-5.613276800704239e-07
0.304,4.4528748978866955e-08,-5.380633849516592e-07,-5.603276800720903e-07
0.3045,4.439897739492991e-08,-5.371282707658937e-07,-5.593276800737568e-07
0.305,4.426968608092599e-08,-5.361929164444066e-07,-5.583276800754233e-07
0.3055,4.414085683281938e-08,-5.352573310891662e-07,-5.573276800770897e-07
0.306,4.401247233410193e-08,-5.343215233586422e-07,-5.563276800787562e-07
0.3065,4.388451611160118e-08,-5.333855014891805e-07,-5.553276800804226e-07
0.307,4.3756972496373765e-08,-5.324492733155639e-07,-5.543276800820891e-07
0.3075,4.3629826583076224e-08,-5.315128462903208e-07,-5.533276800837556e-07
0.308,4.350306419412238e-08,-5.305762275023097e-07,-5.52327680085422e-07
0.3085,4.337667184411516e-08,-5.296394236942957e-07,-5.513276800870885e-07
0.309,4.325063670625282e-08,-5.28702441279694e-07,-5.50327680088755e-07
0.3095,4.3124946580484424e-08,-5.277652863585119e-07,-5.493276800904214e-07
0.31,4.29995898633927e-08,-5.268279647325321e-07,-5.483276800920879e-07
0.3105,4.2874555519095114e-08,-5.258904819197299e-07,-5.473276800937543e-07
0.311,4.2749833051706066e-08,-5.249528431680011e-07,-5.463276800954208e-07
0.3115,4.2625412479568924e-08,-5.240150534682595e-07,-5.453276800970873e-07
0.312,4.250128430998647e-08,-5.230771175668438e-07,-5.443276800987537e-07
0.3125,4.237743951579074e-08,-5.221390399773697e-07,-5.433276801004202e-07
0.313,4.225386951264824e-08,-5.212008249919783e-07,-5.423276801020866e-07
0.3135,4.2130566137957476e-08,-5.202624766920763e-07,-5.413276801037531e-07
0.314,4.200752162997531e-08,-5.193239989584967e-07,-5.403276801054196e-07
0.3145,4.188472860888321e-08,-5.183853954812385e-07,-5.39327680107086e-07
0.315,4.176218005776961e-08,-5.174466697686569e-07,-5.383276801087525e-07
0.3155,4.1639869305549516e-08,-5.165078251562887e-07,-5.37327680110419e-07
0.316,4.151779001028963e-08,-5.15568864815215e-07,-5.363276801120854e-07
0.3165,4.139593614290269e-08,-5.146297917599875e-07,-5.353276801137519e-07
0.317,4.127430197207678e-08,-5.136906088562047e-07,-5.343276801154183e-07
0.3175,4.115288205021596e-08,-5.127513188277425e-07,-5.333276801170848e-07
0.318,4.1031671199345324e-08,-5.118119242635795e-07,-5.323276801187513e-07
0.3185,4.091066449817234e-08,-5.108724276243283e-07,-5.313276801204177e-07
0.319,4.0789857269944775e-08,-5.099328312484636e-07,-5.303276801220842e-07
0.3195,4.066924507008089e-08,-5.08993137358186e-07,-5.293276801237507e-07
0.32,4.054882367557726e-08,-5.080533480650925e-07,-5.283276801254171e-07
0.3205,4.042858907379485e-08,-5.071134653754853e-07,-5.273276801270836e-07
0.321,4.03085374524201e-08,-5.061734911954712e-07,-5.2632768012875e-07
0.3215,4.018866519010776e-08,-5.0523342733583e-07,-5.253276801304165e-07
0.322,4.0068968846695096e-08,-5.042932755165789e-07,-5.24327680132083e-07
0.3225,3.99494451548076e-08,-5.033530373713865e-07,-5.233276801337494e-07
0.323,3.9830091011603345e-08,-5.024127144517522e-07,-5.223276801354159e-07
0.3235,3.971090347050722e-08,-5.014723082309521e-07,-5.213276801370824e-07
0.324,3.959187973380505e-08,-5.005318201078283e-07,-5.203276801387488e-07
0.3245,3.9473017145561726e-08,-4.99591251410393e-07,-5.193276801404153e-07
0.325,3.9354313184542704e-08,-4.986506033992316e-07,-5.183276801420817e-07
0.3255,3.923576545792798e-08,-4.977098772707744e-07,-5.173276801437482e-07
0.326,3.911737169499585e-08,-4.967690741603859e-07,-5.163276801454147e-07
0.3265,3.899912974121281e-08,-4.958281951453107e-07,-5.153276801470811e-07
0.327,3.8881037552776386e-08,-4.948872412474901e-07,-5.143276801487476e-07
0.3275,3.876309319109091e-08,-4.939462134362178e-07,-5.13327680150414e-07
0.328,3.864529481776762e-08,-4.930051126306838e-07,-5.123276801520805e-07
0.3285,3.8527640689836944e-08,-4.920639397023957e-07,-5.11327680153747e-07
0.329,3.841012915501059e-08,-4.911226954774681e-07,-5.103276801554134e-07
0.3295,3.8292758647544816e-08,-4.901813807388283e-07,-5.093276801570799e-07
0.33,3.8175527683708136e-08,-4.892399962282694e-07,-5.083276801587464e-07
0.3305,3.80584348583141e-08,-4.882985426484714e-07,-5.073276801604128e-07
0.331,3.794147884040434e-08,-4.873570206648427e-07,-5.063276801620793e-07
0.3315,3.782465837016591e-08,-4.864154309073542e-07,-5.053276801637458e-07
0.332,3.770797225511639e-08,-4.85473773972215e-07,-5.043276801654122e-07
0.3325,3.7591419367110895e-08,-4.84532050423516e-07,-5.033276801670787e-07
0.333,3.747499863912566e-08,-4.83590260794766e-07,-5.023276801687451e-07
0.3335,3.7358709062304356e-08,-4.826484055903611e-07,-5.013276801704116e-07
0.334,3.724254968331943e-08,-4.817064852869966e-07,-5.003276801720781e-07
0.3345,3.7126519601599944e-08,-4.807645003349906e-07,-4.993276801737445e-07
0.335,3.701061796669552e-08,-4.79822451159542e-07,-4.98327680175411e-07
0.3355,3.689484397600747e-08,-4.788803381619485e-07,-4.973276801770774e-07
0.336,3.6779196872466135e-08,-4.779381617207498e-07,-4.963276801787439e-07
0.3365,3.6663675942312046e-08,-4.769959221928176e-07,-4.953276801804104e-07
0.337,3.6548280513099413e-08,-4.760536199144008e-07,-4.943276801820768e-07
0.3375,3.6433009951603134e-08,-4.7511125520210367e-07,-4.933276801837433e-07
0.338,3.631786366199326e-08,-4.741688283538305e-07,-4.923276801854098e-07
0.3385,3.620284108409127e-08,-4.732263396496842e-07,-4.913276801870762e-07
0.339,3.608794169160343e-08,-4.722837893528135e-07,-4.903276801887427e-07
0.3395,3.5973164990491066e-08,-4.713411777102202e-07,-4.893276801904091e-07
0.34,3.5858510517535675e-08,-4.703985049535407e-07,-4.883276801920756e-07
0.3405,3.5743977838718235e-08,-4.6945577129976537e-07,-4.873276801937421e-07
0.341,3.562956654798627e-08,-4.6851297695194984e-07,-4.863276801954085e-07
0.3415,3.551527626572769e-08,-4.6757012209986335e-07,-4.85327680197075e-07
0.342,3.54011066377287e-08,-4.666272069206381e-07,-4.843276801987415e-07
0.3425,3.528705733383336e-08,-4.6568423157935875e-07,-4.833276802004079e-07
0.343,3.51731280467791e-08,-4.647411962296336e-07,-4.823276802020744e-07
0.3435,3.5059318491230734e-08,-4.637981010141473e-07,-4.813276802037408e-07
0.34400000000000003,3.4945628402635697e-08,-4.628549460651711e-07,-4.803276802054073e-07
0.34450000000000003,3.4832057536304494e-08,-4.619117315050593e-07,-4.793276802070738e-07
0.34500000000000003,3.471860566641953e-08,-4.6096845744671416e-07,-4.783276802087402e-07
0.34550000000000003,3.4605272585172604e-08,-4.6002512399403495e-07,-4.773276802104067e-07
0.34600000000000003,3.449205810026845e-08,-4.590817312418308e-07,-4.7632768021072457e-07
0.34650000000000003,3.437896203941207e-08,-4.5813827927629664e-07,-4.7532768020974406e-07
0.34700000000000003,3.4265984244385e-08,-4.571947681778479e-07,-4.7432768020876354e-07
0.34750000000000003,3.415312457070501e-08,-4.562511980187166e-07,-4.73327680207783e-07
0.34800000000000003,3.40403828885468e-08,-4.5530756886381816e-07,-4.723276802068025e-07
0.34850000000000003,3.392775908169276e-08,-4.543638807712663e-07,-4.71327680205822e-07
0.34900000000000003,3.3815253046806716e-08,-4.53420133792728e-07,-4.703276802048415e-07
0.34950000000000003,3.370286469281099e-08,-4.524763279737312e-07,-4.6932768020386096e-07
0.35000000000000003,3.359059394038854e-08,-4.5153246335395856e-07,-4.6832768020288045e-07
0.35050000000000003,3.3478440721303934e-08,-4.5058853996750693e-07,-4.6732768020189993e-07
0.35100000000000003,3.3366404978009095e-08,-4.4964455784315556e-07,-4.663276802009194e-07
0.35150000000000003,3.3254486663104035e-08,-4.487005170046066e-07,-4.653276801999389e-07
0.35200000000000004,3.314268573889619e-08,-4.477564174707212e-07,-4.643276801989584e-07
0.3525,3.303100217685218e-08,-4.468122592557319e-07,-4.6332768019797787e-07
0.353,3.291943595738395e-08,-4.4586804236947127e-07,-4.6232768019699735e-07
0.3535,3.280798706922268e-08,-4.4492376681755355e-07,-4.6132768019601683e-07
0.354,3.2696655509167086e-08,-4.439794326015768e-07,-4.603276801950363e-07
0.3545,3.258544128170926e-08,-4.4303503971930385e-07,-4.593276801940558e-07
0.355,3.247434439866353e-08,-4.420905881648317e-07,-4.583276801930753e-07
0.3555,3.236336487880338e-08,-4.411460779287539e-07,-4.5732768019209477e-07
0.356,3.225250274767026e-08,-4.4020150899832585e-07,-4.5632768019111426e-07
0.3565,3.214175803713072e-08,-4.3925688135760274e-07,-4.5532768019013374e-07
0.357,3.203113078517202e-08,-4.3831219498758624e-07,-4.543276801891532e-07
0.3575,3.19206210356515e-08,-4.373674498663606e-07,-4.533276801881727e-07
0.358,3.181022883794983e-08,-4.364226459692129e-07,-4.523276801871922e-07
0.3585,3.1699954246882726e-08,-4.354777832687678e-07,-4.513276801862117e-07
0.359,3.1589797322266045e-08,-4.3453286173508586e-07,-4.5032768018523116e-07
0.3595,3.147975812888786e-08,-4.335878813357885e-07,-4.4932768018425065e-07
0.36,3.136983673622088e-08,-4.3264284203615775e-07,-4.4832768018327013e-07
0.3605,3.126003321813087e-08,-4.316977437992262e-07,-4.473276801822896e-07
0.361,3.115034765285392e-08,-4.3075258658588605e-07,-4.463276801813091e-07
0.3615,3.1040780122731497e-08,-4.2980737035497144e-07,-4.453276801803286e-07
0.362,3.093133071406712e-08,-4.2886209506334644e-07,-4.4432768017934807e-07
0.3625,3.082199951687395e-08,-4.27916760665979e-07,-4.4332768017836755e-07
0.363,3.0712786624866836e-08,-4.2697136711602896e-07,-4.4232768017738704e-07
0.3635,3.0603692135193316e-08,-4.26025914364912e-07,-4.413276801764065e-07
0.364,3.049471614837478e-08,-4.2508040236237575e-07,-4.40327680175426e-07
0.3645,3.03858587681113e-08,-4.2413483105656113e-07,-4.393276801744455e-07
0.365,3.027712010122197e-08,-4.2318920039407e-07,-4.3832768017346497e-07
0.3655,3.0168500257449295e-08,-4.222435103200193e-07,-4.3732768017248446e-07
0.366,3.00599993494183e-08,-4.212977607781037e-07,-4.3632768017150394e-07
0.3665,2.9951617492491395e-08,-4.2035195171064583e-07,-4.353276801705234e-07
0.367,2.984335480464534e-08,-4.1940608305864655e-07,-4.343276801695429e-07
0.3675,2.9735211406437195e-08,-4.184601547618387e-07,-4.333276801685624e-07
0.368,2.962718742084734e-08,-4.1751416675872755e-07,-4.323276801675819e-07
0.3685,2.951928297321568e-08,-4.165681189866364e-07,-4.3132768016660136e-07
0.369,2.9411498191181935e-08,-4.156220113817509e-07,-4.3032768016562085e-07
0.3695,2.9303833204597005e-08,-4.14675843879158e-07,-4.2932768016464033e-07
0.37,2.9196288145384604e-08,-4.137296164128771e-07,-4.283276801636598e-07
0.3705,2.9088863147562575e-08,-4.12783328915904e-07,-4.273276801626793e-07
0.371,2.8981558347148614e-08,-4.118369813202424e-07,-4.263276801616988e-07
0.3715,2.8874373882034775e-08,-4.108905735569314e-07,-4.2532768016071827e-07
0.372,2.8767309892008896e-08,-4.099441055560813e-07,-4.2432768015973775e-07
0.3725,2.8660366518648743e-08,-4.089975772468993e-07,-4.2332768015875724e-07
0.373,2.8553543905305302e-08,-4.080509885577201e-07,-4.223276801577767e-07
0.3735,2.8446842197007693e-08,-4.071043394160279e-07,-4.213276801567962e-07
0.374,2.834026154041237e-08,-4.0615762974848083e-07,-4.203276801558157e-07
0.3745,2.8233802083835e-08,-4.052108594809409e-07,-4.1932768015483517e-07
0.375,2.8127463977093668e-08,-4.042640285384861e-07,-4.1832768015385466e-07
0.3755,2.802124737155295e-08,-4.033171368454389e-07,-4.1732768015287414e-07
0.376,2.7915152420034736e-08,-4.023701843253813e-07,-4.163276801518936e-07
0.3765,2.7809179276829014e-08,-4.014231709011781e-07,-4.153276801509131e-07
0.377,2.7703328097615464e-08,-4.004760964949906e-07,-4.143276801499326e-07
0.3775,2.7597599039419118e-08,-3.995289610282919e-07,-4.133276801489521e-07
0.378,2.7491992260652297e-08,-3.9858176442188965e-07,-4.1232768014797156e-07
0.3785,2.7386507921008134e-08,-3.976345065959341e-07,-4.1132768014699105e-07
0.379,2.728114618146217e-08,-3.9668718746993436e-07,-4.1032768014601053e-07
0.3795,2.7175907204253894e-08,-3.9573980696277286e-07,-4.0932768014503e-07
0.38,2.7070791152850792e-08,-3.9479236499271626e-07,-4.083276801440495e-07
0.3805,2.6965798191923233e-08,-3.938448614774277e-07,-4.07327680143069e-07
0.381,2.6860928487327845e-08,-3.9289729633397775e-07,-4.0632768014208847e-07
0.3815,2.6756182206104828e-08,-3.9194966947885677e-07,-4.0532768014110795e-07
0.382,2.6651559516402038e-08,-3.9100198082798003e-07,-4.0432768014012744e-07
0.3825,2.6547060587507894e-08,-3.9005423029670084e-07,-4.033276801391469e-07
0.383,2.6442685589833546e-08,-3.891064177998195e-07,-4.023276801381664e-07
0.3835,2.6338434694887973e-08,-3.881585432515904e-07,-4.013276801371859e-07
0.384,2.623430807521394e-08,-3.8721060656572517e-07,-4.0032768013620537e-07
0.3845,2.6130305904457385e-08,-3.8626260765540747e-07,-3.9932768013522486e-07
0.385,2.6026428357315093e-08,-3.853145464332959e-07,-3.9832768013424434e-07
0.3855,2.5922675609487188e-08,-3.8436642281152743e-07,-3.973276801332638e-07
0.386,2.5819047837746653e-08,-3.8341823670172956e-07,-3.963276801322833e-07
0.3865,2.571554521984058e-08,-3.8246998801501855e-07,-3.953276801313028e-07
0.387,2.5612167934542666e-08,-3.8152167666200933e-07,-3.943276801303223e-07
0.3875,2.5508916161621665e-08,-3.805733025528181e-07,-3.9332768012934176e-07
0.388,2.5405790081847995e-08,-3.796248655970687e-07,-3.9232768012836125e-07
0.3885,2.530278987694364e-08,-3.7867636570389173e-07,-3.9132768012738073e-07
0.389,2.5199915729611834e-08,-3.777278027819317e-07,-3.903276801264002e-07
0.3895,2.509716782353945e-08,-3.767791767393508e-07,-3.893276801254197e-07
0.39,2.4994546343357273e-08,-3.7583048748382915e-07,-3.883276801244392e-07
0.3905,2.489205147467418e-08,-3.748817349225712e-07,-3.8732768012345867e-07
0.391,2.478968340402331e-08,-3.73932918962303e-07,-3.8632768012247815e-07
0.3915,2.4687442318907613e-08,-3.7298403950927907e-07,-3.8532768012149764e-07
0.392,2.458532840774256e-08,-3.7203509646927953e-07,-3.843276801205171e-07
0.3925,2.448334185992957e-08,-3.7108608974761883e-07,-3.833276801195366e-07
0.393,2.4381482865766414e-08,-3.7013701924913906e-07,-3.823276801185561e-07
0.3935,2.427975161650269e-08,-3.691878848782162e-07,-3.813276801175756e-07
0.394,2.4178148304323566e-08,-3.682386865387601e-07,-3.8032768011659506e-07
0.3945,2.4076673122348413e-08,-3.6728942413421526e-07,-3.7932768011561454e-07
0.395,2.3975326264599946e-08,-3.6634009756755847e-07,-3.78327680114634e-07
0.3955,2.3874107926066376e-08,-3.6539070674130517e-07,-3.773276801136535e-07
0.396,2.3773018302644782e-08,-3.644412515575043e-07,-3.76327680112673e-07
0.3965,2.3672057591168216e-08,-3.6349173191774115e-07,-3.753276801116925e-07
0.397,2.3571225989388165e-08,-3.6254214772313524e-07,-3.7432768011071196e-07
0.3975,2.347052369599979e-08,-3.6159249887434283e-07,-3.7332768010973145e-07
0.398,2.3369950910617402e-08,-3.6064278527155354e-07,-3.7232768010875093e-07
0.3985,2.326950783380158e-08,-3.596930068144925e-07,-3.713276801077704e-07
0.399,2.3169194667030693e-08,-3.587431634024172e-07,-3.703276801067899e-07
0.3995,2.306901161272571e-08,-3.5779325493411834e-07,-3.693276801058094e-07
0.4,2.296895887424148e-08,-3.5684328130791765e-07,-3.6832768010482887e-07
0.4005,2.2869036655868794e-08,-3.5589324242166767e-07,-3.6732768010384835e-07
0.401,2.2769245162853267e-08,-3.5494313817275086e-07,-3.6632768010286784e-07
0.4015,2.2669584601365884e-08,-3.539929684580764e-07,-3.653276801018873e-07
0.402,2.2570055178538188e-08,-3.530427331740812e-07,-3.643276801009068e-07
0.4025,2.2470657102435962e-08,-3.5209243221672535e-07,-3.633276800999263e-07
0.403,2.237139058214988e-08,-3.5114206548149925e-07,-3.623276800989458e-07
0.4035,2.2272255827567003e-08,-3.501916328633995e-07,-3.6132768009796526e-07
0.404,2.2173253049702157e-08,-3.4924113425695825e-07,-3.6032768009698474e-07
0.4045,2.2074382460444062e-08,-3.482905695562166e-07,-3.5932768009600423e-07
0.405,2.1975644272696116e-08,-3.473399386547359e-07,-3.583276800950237e-07
0.4055,2.187703870029245e-08,-3.463892414455871e-07,-3.573276800940432e-07
0.406,2.177856595808186e-08,-3.454384778213553e-07,-3.563276800930627e-07
0.40650000000000003,2.1680226261886784e-08,-3.444876476741339e-07,-3.5532768009208216e-07
0.40700000000000003,2.158201982847772e-08,-3.435367508955195e-07,-3.5432768009110165e-07
0.40750000000000003,2.148394687566766e-08,-3.4258578737661686e-07,-3.5332768009012113e-07
0.40800000000000003,2.138600762224221e-08,-3.4163475700803037e-07,-3.523276800891406e-07
0.40850000000000003,2.1288202287998362e-08,-3.4068365967986384e-07,-3.513276800881601e-07
0.40900000000000003,2.1190531093731627e-08,-3.397324952817163e-07,-3.503276800871796e-07
0.40950000000000003,2.1092994261261026e-08,-3.387812637026809e-07,-3.4932768008619907e-07
0.41000000000000003,2.0995592013413085e-08,-3.3782996483133963e-07,-3.4832768008521855e-07
0.41050000000000003,2.0898324574063445e-08,-3.368785985557646e-07,-3.4732768008423804e-07
0.41100000000000003,2.0801192168089076e-08,-3.359271647635094e-07,-3.463276800832575e-07
0.41150000000000003,2.0704195021416057e-08,-3.3497566334160986e-07,-3.45327680082277e-07
0.41200000000000003,2.0607333361029878e-08,-3.3402409417658127e-07,-3.443276800812965e-07
0.41250000000000003,2.0510607414943006e-08,-3.330724571544115e-07,-3.43327680080316e-07
0.41300000000000003,2.0414017412232958e-08,-3.321207521605609e-07,-3.4232768007933546e-07
0.41350000000000003,2.0317563583051572e-08,-3.311689790799592e-07,-3.4132768007835494e-07
0.41400000000000003,2.0221246158600443e-08,-3.302171377969986e-07,-3.4032768007737443e-07
0.41450000000000004,2.0125065371179553e-08,-3.292652281955344e-07,-3.393276800763939e-07
0.41500000000000004,2.002902145416404e-08,-3.283132501588791e-07,-3.383276800754134e-07
0.41550000000000004,1.993311464201406e-08,-3.273612035697983e-07,-3.373276800744329e-07
0.41600000000000004,1.9837345170308714e-08,-3.2640908831050936e-07,-3.3632768007345236e-07
0.4165,1.9741713275707795e-08,-3.2545690426267407e-07,-3.3532768007247185e-07
0.417,1.9646219196008115e-08,-3.245046513073993e-07,-3.3432768007149133e-07
0.4175,1.955086317012059e-08,-3.2355232932522967e-07,-3.333276800705108e-07
0.418,1.945564543808565e-08,-3.2259993819614475e-07,-3.323276800695303e-07
0.4185,1.9360566241075547e-08,-3.2164747779955456e-07,-3.313276800685498e-07
0.419,1.9265625821420562e-08,-3.2069494801429654e-07,-3.3032768006756927e-07
0.4195,1.917082442260892e-08,-3.197423487186315e-07,-3.2932768006658875e-07
0.42,1.907616228927062e-08,-3.1878967979023675e-07,-3.2832768006560824e-07
0.4205,1.8981639667234294e-08,-3.17836941106206e-07,-3.273276800646277e-07
0.421,1.8887256803483094e-08,-3.168841325430405e-07,-3.263276800636472e-07
0.4215,1.8793013946199875e-08,-3.1593125397664825e-07,-3.253276800626667e-07
0.422,1.8698911344780035e-08,-3.1497830528233945e-07,-3.243276800616862e-07
0.4225,1.8604949249798685e-08,-3.1402528633481816e-07,-3.2332768006070566e-07
0.423,1.8511127913071094e-08,-3.1307219700818304e-07,-3.2232768005972514e-07
0.4235,1.8417447587629387e-08,-3.1211903717591897e-07,-3.2132768005874463e-07
0.424,1.8323908527724455e-08,-3.1116580671089176e-07,-3.203276800577641e-07
0.4245,1.823051098888004e-08,-3.102125054853479e-07,-3.193276800567836e-07
0.425,1.8137255227856926e-08,-3.092591333709055e-07,-3.183276800558031e-07
0.4255,1.804414150268539e-08,-3.08305690238551e-07,-3.1732768005482256e-07
0.426,1.7951170072647777e-08,-3.0735217595863235e-07,-3.1632768005384205e-07
0.4265,1.7858341198346357e-08,-3.063985904008584e-07,-3.1532768005286153e-07
0.427,1.7765655141671463e-08,-3.05444933434291e-07,-3.14327680051881e-07
0.4275,1.7673112165770583e-08,-3.044912049273352e-07,-3.133276800509005e-07
0.428,1.7580712535174485e-08,-3.035374047477454e-07,-3.1232768004992e-07
0.4285,1.748845651569389e-08,-3.025835327626087e-07,-3.1132768004893947e-07
0.429,1.7396344374486262e-08,-3.016295888383455e-07,-3.1032768004795895e-07
0.4295,1.7304376380063807e-08,-3.006755728407035e-07,-3.0932768004697844e-07
0.43,1.721255280228796e-08,-2.997214846347505e-07,-3.083276800459979e-07
0.4305,1.7120873912380756e-08,-2.9876732408486894e-07,-3.073276800450174e-07
0.431,1.7029339982971586e-08,-2.978130910547537e-07,-3.063276800440369e-07
0.4315,1.6937951288060996e-08,-2.968587854074021e-07,-3.053276800430564e-07
0.432,1.6846708103054857e-08,-2.9590440700510967e-07,-3.0432768004207586e-07
0.4325,1.6755610704771834e-08,-2.949499557094642e-07,-3.0332768004109534e-07
0.433,1.666465937146708e-08,-2.939954313813412e-07,-3.0232768004011483e-07
0.4335,1.6573854382840515e-08,-2.930408338808971e-07,-3.013276800391343e-07
0.434,1.6483196020022584e-08,-2.9208616306756096e-07,-3.003276800381538e-07
0.4345,1.6392684565600128e-08,-2.911314188000294e-07,-2.993276800371733e-07
0.435,1.630232030368088e-08,-2.9017660093626524e-07,-2.9832768003619277e-07
0.4355,1.621210351982222e-08,-2.8922170933348333e-07,-2.9732768003521225e-07
0.436,1.6122034501091104e-08,-2.882667438481486e-07,-2.9632768003423173e-07
0.4365,1.6032113536069044e-08,-2.873117043359691e-07,-2.953276800332512e-07
0.437,1.594234091487803e-08,-2.863565906518905e-07,-2.943276800322707e-07
0.4375,1.585271692916349e-08,-2.854014026500858e-07,-2.933276800312902e-07
0.438,1.57632418721257e-08,-2.844461401839513e-07,-2.9232768003030967e-07
0.4385,1.5673916038549864e-08,-2.8349080310610126e-07,-2.9132768002932915e-07
0.439,1.5584739724785582e-08,-2.8253539126835724e-07,-2.9032768002834864e-07
0.4395,1.549571322878944e-08,-2.81579904521744e-07,-2.893276800273681e-07
0.44,1.5406836850119774e-08,-2.8062434271648077e-07,-2.883276800263876e-07
0.4405,1.531811088995226e-08,-2.796687057019738e-07,-2.873276800254071e-07
0.441,1.5229535651124644e-08,-2.787129933268124e-07,-2.863276800244266e-07
0.4415,1.514111143810921e-08,-2.777572054387573e-07,-2.8532768002344606e-07
0.442,1.505283855705464e-08,-2.768013418847358e-07,-2.8432768002246554e-07
0.4425,1.4964717315790143e-08,-2.758454025108332e-07,-2.8332768002148503e-07
0.443,1.487674802384303e-08,-2.748893871622853e-07,-2.823276800205045e-07
0.4435,1.4788930992456484e-08,-2.7393329568347105e-07,-2.81327680019524e-07
0.444,1.4701266534599724e-08,-2.7297712791790394e-07,-2.803276800185435e-07
0.4445,1.4613754964987953e-08,-2.720208837082246e-07,-2.7932768001756297e-07
0.445,1.4526396600117353e-08,-2.710645628961949e-07,-2.7832768001658245e-07
0.4455,1.4439191758229144e-08,-2.7010816532268333e-07,-2.7732768001560193e-07
0.446,1.4352140759380064e-08,-2.691516908276637e-07,-2.763276800146214e-07
0.4465,1.4265243925445473e-08,-2.681951392502045e-07,-2.753276800136409e-07
0.447,1.4178501580112473e-08,-2.6723851042845843e-07,-2.743276800126604e-07
0.4475,1.4091914048919325e-08,-2.6628180419965546e-07,-2.7332768001167987e-07
0.448,1.4005481659264899e-08,-2.6532502040009373e-07,-2.7232768001069936e-07
0.4485,1.3919204740446097e-08,-2.643681588651329e-07,-2.7132768000971884e-07
0.449,1.3833083623636028e-08,-2.6341121942918045e-07,-2.703276800087383e-07
0.4495,1.374711864193491e-08,-2.624542019256867e-07,-2.693276800077578e-07
0.45,1.3661310130378938e-08,-2.614971061871341e-07,-2.683276800067773e-07
0.4505,1.3575658425961959e-08,-2.605399320450286e-07,-2.673276800057968e-07
0.451,1.349016386764055e-08,-2.5958267932988855e-07,-2.6632768000481626e-07
0.4515,1.3404826796372639e-08,-2.5862534787123717e-07,-2.6532768000383574e-07
0.452,1.3319647555118786e-08,-2.576679374975909e-07,-2.6432768000285523e-07
0.4525,1.3234626488878281e-08,-2.5671044803645133e-07,-2.633276800018747e-07
0.453,1.3149763944712038e-08,-2.557528793142955e-07,-2.623276800008942e-07
0.4535,1.306506027172665e-08,-2.547952311565621e-07,-2.613276799999137e-07
0.454,1.2980515821135009e-08,-2.5383750338764526e-07,-2.6032767999893317e-07
0.4545,1.28961309462627e-08,-2.5287969583088265e-07,-2.5932767999795265e-07
0.455,1.2811906002575537e-08,-2.519218083085456e-07,-2.5832767999697213e-07
0.4555,1.2727841347682465e-08,-2.509638406418265e-07,-2.573276799959916e-07
0.456,1.2643937341374173e-08,-2.500057926508297e-07,-2.563276799950111e-07
0.4565,1.2560194345638326e-08,-2.490476641545601e-07,-2.553276799940306e-07
0.457,1.2476612724692169e-08,-2.4808945497091233e-07,-2.5432767999305007e-07
0.4575,1.2393192844991279e-08,-2.4713116491665885e-07,-2.5332767999206956e-07
0.458,1.230993507525395e-08,-2.461727938074378e-07,-2.5232767999108904e-07
0.4585,1.2226839786493025e-08,-2.452143414577429e-07,-2.513276799901085e-07
0.459,1.214390735204317e-08,-2.442558076809116e-07,-2.50327679989128e-07
0.4595,1.2061138147564267e-08,-2.432971922891112e-07,-2.493276799881475e-07
0.46,1.1978532551077433e-08,-2.423384950933275e-07,-2.48327679987167e-07
0.4605,1.1896090943002937e-08,-2.4137971590335474e-07,-2.4732767998618646e-07
0.461,1.1813813706170072e-08,-2.404208545277804e-07,-2.4632767998520595e-07
0.4615,1.1731701225831442e-08,-2.3946191077397185e-07,-2.4532767998422543e-07
0.462,1.164975388972504e-08,-2.3850288444806746e-07,-2.443276799832449e-07
0.4625,1.1567972088045585e-08,-2.375437753549572e-07,-2.433276799822644e-07
0.463,1.1486356213557315e-08,-2.3658458329827942e-07,-2.423276799812839e-07
0.4635,1.1404906661510146e-08,-2.3562530808039423e-07,-2.4132767998030337e-07
0.464,1.1323623829753765e-08,-2.3466594950238016e-07,-2.4032767997932285e-07
0.4645,1.1242508118730619e-08,-2.3370650736401612e-07,-2.3932767997834233e-07
0.465,1.1161559931690852e-08,-2.327469814637984e-07,-2.3832767997748212e-07
0.4655,1.108077967486031e-08,-2.3178737159969526e-07,-2.373276799778251e-07
0.466,1.1000167755316912e-08,-2.3082767756696547e-07,-2.3632767997816807e-07
0.4665,1.0919724584738211e-08,-2.2986789915977319e-07,-2.3532767997851104e-07
0.467,1.083945057706158e-08,-2.2890803617114692e-07,-2.3432767997885402e-07
0.4675,1.0759346148937208e-08,-2.2794808839276237e-07,-2.33327679979197e-07
0.468,1.0679411719805652e-08,-2.2698805561489733e-07,-2.3232767997953996e-07
0.4685,1.0599647711953631e-08,-2.2602793762641342e-07,-2.3132767997988294e-07
0.46900000000000003,1.052005455051944e-08,-2.2506773421473686e-07,-2.303276799802259e-07
0.46950000000000003,1.0440632663553482e-08,-2.2410744516584464e-07,-2.2932767998056888e-07
0.47000000000000003,1.0361382482038036e-08,-2.2314707026424704e-07,-2.2832767998091186e-07
0.47050000000000003,1.02823044399162e-08,-2.2218660929297058e-07,-2.2732767998125483e-07
0.47100000000000003,1.020339897413297e-08,-2.2122606203354138e-07,-2.263276799815978e-07
0.47150000000000003,1.0124666524677368e-08,-2.20265428265969e-07,-2.2532767998194078e-07
0.47200000000000003,1.0046107534598607e-08,-2.1930470776872686e-07,-2.2432767998228375e-07
0.47250000000000003,9.967722450055206e-09,-2.1834390031873585e-07,-2.2332767998262672e-07
0.47300000000000003,9.88951172034767e-09,-2.1738300569134578e-07,-2.223276799829697e-07
0.47350000000000003,9.811475797957506e-09,-2.1642202366031733e-07,-2.2132767998331267e-07
0.47400000000000003,9.733615138577584e-09,-2.1546095399780244e-07,-2.2032767998365564e-07
0.47450000000000003,9.65593020115837e-09,-2.1449979647432632e-07,-2.1932767998399862e-07
0.47500000000000003,9.578421447942528e-09,-2.1353855085876774e-07,-2.183276799843416e-07
0.47550000000000003,9.501089344508444e-09,-2.125772169183396e-07,-2.1732767998468456e-07
0.47600000000000003,9.423934359801247e-09,-2.1161579441856816e-07,-2.1632767998502754e-07
0.47650000000000003,9.346956966179523e-09,-2.106542831232734e-07,-2.153276799853705e-07
0.47700000000000004,9.270157639460875e-09,-2.0969268279454876e-07,-2.1432767998571348e-07
0.47750000000000004,9.193536858949197e-09,-2.0873099319273834e-07,-2.1332767998605645e-07
0.47800000000000004,9.117095107501013e-09,-2.077692140764186e-07,-2.1232767998639943e-07
0.47850000000000004,9.040832871543729e-09,-2.0680734520237355e-07,-2.113276799867424e-07
0.47900000000000004,8.964750641135893e-09,-2.0584538632557424e-07,-2.1032767998708537e-07
0.47950000000000004,8.888848910011412e-09,-2.0488333719915656e-07,-2.0932767998742835e-07
0.48000000000000004,8.813128175610739e-09,-2.0392119757439638e-07,-2.0832767998777132e-07
0.4805,8.737588939146413e-09,-2.0295896720068868e-07,-2.073276799881143e-07
0.481,8.662231705645148e-09,-2.0199664582552327e-07,-2.0632767998845727e-07
0.4815,8.58705698398166e-09,-2.0103423319445867e-07,-2.0532767998880024e-07
0.482,8.512065286950185e-09,-2.0007172905110067e-07,-2.0432767998914321e-07
0.4825,8.437257131300088e-09,-1.9910913313707528e-07,-2.033276799894862e-07
0.483,8.362633037783723e-09,-1.981464451920033e-07,-2.0232767998982916e-07
0.4835,8.288193531228756e-09,-1.9718366495347648e-07,-2.0132767999017213e-07
0.484,8.213939140555294e-09,-1.962207921570271e-07,-2.003276799905151e-07
0.4845,8.139870398872313e-09,-1.952578265361064e-07,-1.9932767999085808e-07
0.485,8.065987843500477e-09,-1.9429476782205348e-07,-1.9832767999120105e-07
0.4855,7.992292016041848e-09,-1.9333161574406895e-07,-1.9732767999154403e-07
0.486,7.918783462421238e-09,-1.9236837002918482e-07,-1.96327679991887e-07
0.4865,7.845462732975443e-09,-1.914050304022396e-07,-1.9532767999222997e-07
0.487,7.772330382475932e-09,-1.9044159658584422e-07,-1.9432767999257295e-07
0.4875,7.699386970212853e-09,-1.8947806830035516e-07,-1.9332767999291592e-07
0.488,7.626633060042761e-09,-1.8851444526384244e-07,-1.923276799932589e-07
0.4885,7.554069220463631e-09,-1.8755072719205993e-07,-1.9132767999360187e-07
0.489,7.481696024660963e-09,-1.8658691379841157e-07,-1.9032767999394484e-07
0.4895,7.409514050593845e-09,-1.8562300479392185e-07,-1.893276799942878e-07
0.49,7.337523881039636e-09,-1.8465899988720005e-07,-1.8832767999463079e-07
0.4905,7.265726103675205e-09,-1.8369489878440868e-07,-1.8732767999497376e-07
0.491,7.194121311138273e-09,-1.827307011892281e-07,-1.8632767999531673e-07
0.4915,7.1227101011024445e-09,-1.8176640680282252e-07,-1.853276799956597e-07
0.492,7.051493076346721e-09,-1.8080201532380413e-07,-1.8432767999600268e-07
0.4925,6.980470844820074e-09,-1.7983752644819576e-07,-1.8332767999634565e-07
0.493,6.9096440197309395e-09,-1.7887293986939597e-07,-1.8232767999668862e-07
0.4935,6.839013219605411e-09,-1.7790825527813913e-07,-1.813276799970316e-07
0.494,6.768579068382197e-09,-1.7694347236245902e-07,-1.8032767999737457e-07
0.4945,6.69834219547585e-09,-1.7597859080764765e-07,-1.7932767999771754e-07
0.495,6.628303235867557e-09,-1.7501361029621655e-07,-1.7832767999806052e-07
0.4955,6.558462830159061e-09,-1.7404853050785244e-07,-1.773276799984035e-07
0.496,6.488821624735168e-09,-1.7308335111938555e-07,-1.7632767999874646e-07
0.4965,6.41938027173248e-09,-1.721180718047317e-07,-1.7532767999908944e-07
0.497,6.350139429220749e-09,-1.711526922348612e-07,-1.743276799994324e-07
0.4975,6.281099761247316e-09,-1.7018721207774885e-07,-1.7332767999977538e-07
0.498,6.212261937944498e-09,-1.6922163099833062e-07,-1.7232768000011836e-07
0.4985,6.143626635610785e-09,-1.682559486584556e-07,-1.7132768000046133e-07
0.499,6.0751945368148955e-09,-1.672901647168401e-07,-1.703276800008043e-07
0.4995,6.006966330494874e-09,-1.6632427882901976e-07,-1.6932768000114728e-07
0.5,5.938942712033051e-09,-1.6535829064729684e-07,-1.6832768000149025e-07
0.5005000000000001,5.871124383390953e-09,-1.6439219982069423e-07,-1.6732768000183322e-07
0.501,5.80351205319386e-09,-1.6342600599490173e-07,-1.663276800021762e-07
0.5015000000000001,5.7361064368300555e-09,-1.6245970881222218e-07,-1.6532768000251917e-07
0.502,5.668908256574953e-09,-1.6149330791151995e-07,-1.6432768000286214e-07
0.5025000000000001,5.60191824168386e-09,-1.6052680292816347e-07,-1.6332768000320512e-07
0.503,5.535137128527911e-09,-1.5956019349397222e-07,-1.623276800035481e-07
0.5035000000000001,5.468565660688783e-09,-1.5859347923715622e-07,-1.6132768000389106e-07
0.504,5.402204589076366e-09,-1.576266597822571e-07,-1.6032768000423404e-07
0.5045000000000001,5.336054672068094e-09,-1.5665973475009062e-07,-1.59327680004577e-07
0.505,5.270116675606971e-09,-1.5569270375768135e-07,-1.5832768000491998e-07
0.5055000000000001,5.204391373347415e-09,-1.5472556641820263e-07,-1.5732768000526295e-07
0.506,5.138879546783197e-09,-1.537583223409117e-07,-1.5632768000560593e-07
0.5065000000000001,5.073581985365425e-09,-1.5279097113108159e-07,-1.553276800059489e-07
0.507,5.008499486649868e-09,-1.5182351238993543e-07,-1.5432768000629187e-07
0.5075000000000001,4.9436328564255075e-09,-1.5085594571457565e-07,-1.5332768000663485e-07
0.508,4.878982908873683e-09,-1.4988827069791573e-07,-1.5232768000697782e-07
0.5085000000000001,4.814550466695208e-09,-1.4892048692860487e-07,-1.513276800073208e-07
0.509,4.7503363612650155e-09,-1.4795259399095478e-07,-1.5032768000766377e-07
0.5095000000000001,4.686341432788326e-09,-1.469845914648636e-07,-1.4932768000800674e-07
0.51,4.622566530462111e-09,-1.4601647892573908e-07,-1.4832768000834971e-07
0.5105000000000001,4.559012512593648e-09,-1.4504825594441226e-07,-1.473276800086927e-07
0.511,4.495680246844971e-09,-1.4407992208706738e-07,-1.4632768000903566e-07
0.5115000000000001,4.432570610322486e-09,-1.4311147691514633e-07,-1.4532768000937863e-07
0.512,4.369684489790332e-09,-1.4214291998526846e-07,-1.443276800097216e-07
0.5125,4.307022781835662e-09,-1.4117425084914055e-07,-1.4332768001006458e-07
0.513,4.2445863930508985e-09,-1.4020546905346608e-07,-1.4232768001040755e-07
0.5135,4.182376240222647e-09,-1.3923657413985306e-07,-1.4132768001075053e-07
0.514,4.120393250520254e-09,-1.3826756564471803e-07,-1.403276800110935e-07
0.5145,4.058638361685053e-09,-1.3729844309918717e-07,-1.3932768001143647e-07
0.515,3.997112522248844e-09,-1.3632920602899826e-07,-1.3832768001177945e-07
0.5155,3.935816691723741e-09,-1.3535985395439523e-07,-1.3732768001212242e-07
0.516,3.87475184082052e-09,-1.34390386390023e-07,-1.363276800124654e-07
0.5165,3.813918951664746e-09,-1.334208028448182e-07,-1.3532768001280837e-07
0.517,3.753319018025419e-09,-1.3245110282189862e-07,-1.3432768001315134e-07
0.5175,3.6929530455353153e-09,-1.314812858184464e-07,-1.333276800134943e-07
0.518,3.6328220519376496e-09,-1.3051135132559173e-07,-1.3232768001383729e-07
0.5185,3.5729270673215904e-09,-1.2954129882829047e-07,-1.3132768001418026e-07
0.519,3.5132691343749217e-09,-1.2857112780519953e-07,-1.3032768001452323e-07
0.5195,3.453849308637294e-09,-1.276008377285484e-07,-1.293276800148662e-07
0.52,3.3946686587722705e-09,-1.2663042806400804e-07,-1.2832768001520918e-07
0.5205,3.3357282668267647e-09,-1.2565989827055342e-07,-1.2732768001555215e-07
0.521,3.2770292285225345e-09,-1.2468924780032552e-07,-1.2632768001589512e-07
0.5215,3.2185726535362037e-09,-1.2371847609848624e-07,-1.253276800162381e-07
0.522,3.1603596657968348e-09,-1.2274758260307065e-07,-1.2432768001658107e-07
0.5225,3.102391403795567e-09,-1.2177656674483504e-07,-1.2332768001692404e-07
0.523,3.044669020897493e-09,-1.208054279470996e-07,-1.2232768001726702e-07
0.5235,2.9871936856516484e-09,-1.1983416562558436e-07,-1.2132768001761e-07
0.524,2.929966582156259e-09,-1.188627791882472e-07,-1.2032768001795296e-07
0.5245,2.8729889103691193e-09,-1.1789126803510699e-07,-1.1932768001829594e-07
0.525,2.816261886105156e-09,-1.169196315576734e-07,-1.183276800180555e-07
0.5255,2.7597867428250646e-09,-1.1594786913972309e-07,-1.1732768001773673e-07
0.526,2.703564730020766e-09,-1.1497598015658765e-07,-1.1632768001741796e-07
0.5265,2.6475971147777873e-09,-1.1400396397472539e-07,-1.1532768001709919e-07
0.527,2.5918851819758403e-09,-1.1303181995169882e-07,-1.1432768001678042e-07
0.5275,2.5364302346690645e-09,-1.1205954743597949e-07,-1.1332768001646165e-07
0.528,2.481233594523622e-09,-1.1108714576673695e-07,-1.1232768001614288e-07
0.5285,2.426296602249956e-09,-1.1011461427361566e-07,-1.113276800158241e-07
0.529,2.371620618067362e-09,-1.0914195227650736e-07,-1.1032768001550533e-07
0.5295,2.317207022173071e-09,-1.0816915908531407e-07,-1.0932768001518656e-07
0.53,2.2630572152355884e-09,-1.0719623399970432e-07,-1.0832768001486779e-07
0.5305,2.209172618886119e-09,-1.0622317630885779e-07,-1.0732768001454902e-07
0.531,2.1555546762701717e-09,-1.0524998529120832e-07,-1.0632768001423025e-07
0.5315,2.10220485255981e-09,-1.042766602141682e-07,-1.0532768001391148e-07
0.532,2.049124635533716e-09,-1.0330320033385094e-07,-1.043276800135927e-07
0.5325,1.9963155361461945e-09,-1.0232960489477867e-07,-1.0332768001327393e-07
0.533,1.94377908913713e-09,-1.0135587312958277e-07,-1.0232768001295516e-07
0.5335,1.891516853654686e-09,-1.003820042586916e-07,-1.0132768001263639e-07
0.534,1.8395304138955772e-09,-9.940799749000595e-08,-1.0032768001231762e-07
0.5345,1.7878213797845363e-09,-9.843385201856521e-08,-9.932768001199885e-08
0.535,1.736391387666517e-09,-9.745956702619846e-08,-9.832768001168008e-08
0.5355,1.6852421010286536e-09,-9.648514168116315e-08,-9.73276800113613e-08
0.536,1.6343752112517568e-09,-9.551057513777008e-08,-9.632768001104253e-08
0.5365,1.5837924383885772e-09,-9.453586653599343e-08,-9.532768001072376e-08
0.537,1.5334955319774432e-09,-9.356101500106643e-08,-9.432768001040499e-08
0.5375,1.4834862718797387e-09,-9.25860196430593e-08,-9.332768001008622e-08
0.538,1.433766469157407e-09,-9.161087955644158e-08,-9.232768000976745e-08
0.5385,1.3843379669886509e-09,-9.063559381962692e-08,-9.132768000944868e-08
0.539,1.335202641610002e-09,-8.966016149449756e-08,-9.032768000912991e-08
0.5395,1.2863624033112609e-09,-8.868458162591108e-08,-8.932768000881114e-08
0.54,1.2378191974612612e-09,-8.77088532411849e-08,-8.832768000849236e-08
0.5405,1.1895750055772026e-09,-8.673297534955847e-08,-8.73276800081736e-08
0.541,1.1416318464600143e-09,-8.575694694163622e-08,-8.632768000785482e-08
0.5415,1.0939917773465962e-09,-8.478076698880041e-08,-8.532768000753605e-08
0.542,1.0466568951388037e-09,-8.380443444260255e-08,-8.432768000721728e-08
0.5425,9.996293376752481e-10,-8.282794823412584e-08,-8.332768000689851e-08
0.543,9.529112850559515e-10,-8.185130727331759e-08,-8.232768000657974e-08
0.5435,9.06504961056986e-10,-8.087451044829707e-08,-8.132768000626097e-08
0.544,8.604126345624065e-10,-7.989755662462176e-08,-8.03276800059422e-08
0.5445,8.146366211046377e-10,-7.892044464452742e-08,-7.932768000562342e-08
0.545,7.691792844608663e-10,-7.794317332612843e-08,-7.832768000530465e-08
0.5455,7.240430383246764e-10,-7.696574146257948e-08,-7.732768000498588e-08
0.546,6.792303480673221e-10,-7.598814782119792e-08,-7.632768000466711e-08
0.5465,6.34743732575933e-10,-7.501039114254061e-08,-7.532768000434834e-08
0.547,5.905857662010274e-10,-7.403247013943776e-08,-7.432768000402957e-08
0.5475,5.467590807740242e-10,-7.305438349597224e-08,-7.33276800037108e-08
0.548,5.032663677680421e-10,-7.207612986641356e-08,-7.232768000339202e-08
0.5485,4.6011038053204817e-10,-7.109770787408845e-08,-7.132768000307325e-08
0.549,4.172939366722951e-10,-7.011911611019715e-08,-7.032768000275448e-08
0.5495,3.748199205469089e-10,-6.914035313256277e-08,-6.932768000243571e-08
0.55,3.3269128590539163e-10,-6.816141746431417e-08,-6.832768000211694e-08
0.5505,2.9091105866789216e-10,-6.718230759249417e-08,-6.732768000179817e-08
0.551,2.4948233986456606e-10,-6.620302196658996e-08,-6.63276800014794e-08
0.5515,2.0840830874943488e-10,-6.522355899698085e-08,-6.532768000116063e-08
0.552,1.676922260762033e-10,-6.424391705329132e-08,-6.432768000084185e-08
0.5525,1.2733743758993532e-10,-6.326409446265167e-08,-6.332768000052308e-08
0.553,8.73473777233256e-11,-6.228408950785295e-08,-6.232768000020431e-08
0.5535,4.772557349810805e-11,-6.130390042538454e-08,-6.132767999988554e-08
0.554,8.475648702448937e-12,-6.032352540335721e-08,-6.032767999956677e-08
0.5545,-3.0398671601554106e-11,-5.934296257933978e-08,-5.932767999933964e-08
0.555,-6.889355665696578e-11,-5.836221003810155e-08,-5.8327679999351744e-08
0.5555,-1.0700506472218443e-10,-5.7381265808538984e-08,-5.7327679999363845e-08
0.556,-1.447291377093281e-10,-5.640012786161295e-08,-5.6327679999375946e-08
0.5565,-1.8206159559981292e-10,-5.541879410732075e-08,-5.5327679999388047e-08
0.557,-2.1899813029342651e-10,-5.44372623916161e-08,-5.432767999940015e-08
0.5575,-2.555342990562272e-10,-5.34555304931396e-08,-5.332767999941225e-08
0.558,-2.9166551751745933e-10,-5.24735961197108e-08,-5.232767999942435e-08
0.5585,-3.273870521372598e-10,-5.1491456904566814e-08,-5.132767999943645e-08
0.559,-3.626940121207546e-10,-5.0509110402317146e-08,-5.032767999944855e-08
0.5595,-3.975813407101132e-10,-4.9526554084590686e-08,-4.932767999946065e-08
0.56,-4.320438057990244e-10,-4.854378533534281e-08,-4.8327679999472753e-08
0.5605,-4.660759898064124e-10,-4.7560801445787125e-08,-4.7327679999484854e-08
0.561,-4.996722786998926e-10,-4.6577599608920594e-08,-4.6327679999496955e-08
0.5615,-5.328268501449082e-10,-4.5594176913583354e-08,-4.5327679999509056e-08
0.562,-5.655336606122446e-10,-4.4610530338020565e-08,-4.432767999952116e-08
0.5625,-5.977864313753419e-10,-4.362665674287968e-08,-4.332767999953326e-08
0.5630000000000001,-6.295786332560151e-10,-4.2642552863583e-08,-4.232767999954536e-08
0.5635,-6.609034699760387e-10,-4.1658215302002405e-08,-4.132767999955746e-08
0.5640000000000001,-6.917538599424113e-10,-4.067364051735481e-08,-4.032767999956956e-08
0.5645,-7.221224162876642e-10,-3.9688824816220015e-08,-3.932767999958166e-08
0.5650000000000001,-7.520014249365092e-10,-3.870376434157384e-08,-3.832767999959376e-08
0.5655,-7.813828204413292e-10,-3.771845506071102e-08,-3.7327679999605864e-08
0.5660000000000001,-8.102581593180604e-10,-3.673289275190363e-08,-3.6327679999617965e-08
0.5665,-8.386185904972134e-10,-3.574707298963651e-08,-3.5327679999630066e-08
0.5670000000000001,-8.664548225351506e-10,-3.476099112820669e-08,-3.432767999964217e-08
0.5675,-8.937570870827651e-10,-3.377464228346185e-08,-3.332767999965427e-08
0.5680000000000001,-9.205150980790441e-10,-3.278802131239483e-08,-3.232767999966637e-08
0.5685,-9.467180060021549e-10,-3.180112279026962e-08,-3.132767999967847e-08
0.5690000000000001,-9.723543463989408e-10,-3.0813940984887825e-08,-3.032767999969057e-08
0.5695,-9.974119817624161e-10,-2.9826469827526155e-08,-2.9327679999702672e-08
0.5700000000000001,-1.0218780356241866e-09,-2.8838702879984423e-08,-2.8327679999714773e-08
0.5705,-1.0457388175042882e-09,-2.78506332970594e-08,-2.7327679999726874e-08
0.5710000000000001,-1.0689797370486076e-09,-2.6862253783615005e-08,-2.6327679999738975e-08
0.5715,-1.091585205315223e-09,-2.5873556545226077e-08,-2.5327679999751076e-08
0.5720000000000001,-1.113538520682878e-09,-2.4884533231133223e-08,-2.4327679999763177e-08
0.5725,-1.1348217362312914e-09,-2.3895174867933557e-08,-2.3327679999775278e-08
0.5730000000000001,-1.155415504632514e-09,-2.290547178202794e-08,-2.232767999978738e-08
0.5735,-1.1752988955288253e-09,-2.191541350831052e-08,-2.132767999979948e-08
0.5740000000000001,-1.194449178950802e-09,-2.0924988681881418e-08,-2.032767999981158e-08
0.5745,-1.212841566436127e-09,-1.9934184908605106e-08,-1.932767999982368e-08
0.5750000000000001,-1.2304488988934514e-09,-1.8942988609046086e-08,-1.8327679999835782e-08
0.5755,-1.2472412666735172e-09,-1.795138482851332e-08,-1.7327679999847883e-08
0.5760000000000001,-1.263185542286716e-09,-1.6959357003411708e-08,-1.6327679999859984e-08
0.5765,-1.2782447989183691e-09,-1.5966886670519172e-08,-1.5327679999872085e-08
0.577,-1.292377577478768e-09,-1.4973953100507064e-08,-1.4327679999884186e-08
0.5775,-1.3055369491491714e-09,-1.3980532829234046e-08,-1.3327679999896287e-08
0.578,-1.317669296581169e-09,-1.2986599048354845e-08,-1.2327679999908388e-08
0.5785,-1.3287126993708291e-09,-1.19921207980805e-08,-1.132767999992049e-08
0.579,-1.3385947488769318e-09,-1.099706187462018e-08,-1.032767999993259e-08
0.5795,-1.3472295159206211e-09,-1.0001379314076816e-08,-9.327679999944691e-09
0.58,-1.3545132175780247e-09,-9.005021225921384e-09,-8.327679999956792e-09
0.5805,-1.3603178041339131e-09,-8.00792358659149e-09,-7.327679999968893e-09
0.581,-1.364481055104355e-09,-7.010005287719733e-09,-6.327679999980994e-09
0.5815,-1.3667904534171329e-09,-6.011160073630368e-09,-5.327679999993095e-09
0.582,-1.3669550932616175e-09,-5.011242496080639e-09,-4.327680000005196e-09
0.5825,-1.3645521480470213e-09,-4.010041150124869e-09,-3.3276800000090744e-09
0.583,-1.358911190693268e-09,-3.0072208393928928e-09,-2.327680000000496e-09
0.5835,-1.3488112969641177e-09,-2.0021711460281172e-09,-1.3276799999974489e-09
0.584,-1.3313605186111465e-09,-9.934462765284846e-10,-3.2767999999885337e-10
0.5845,-1.2862168332026335e-09,2.907562607105528e-11,6.723200000009564e-10
0.585,-6.004674660448994e-11,1.6557250235504784e-09,1.6723199999991952e-09
